STT,Tên,Thuộc tỉnh/thành phố,Loại,Slug,Đô Thị Loại,tham khảo,,Loại I,54
1,An Lạc,Bắc Ninh,Xã,anlac,II,,,Loại II,41
2,Bảo Đài,Bắc Ninh,Xã,baodai,I,,,Loại III,4
3,Bắc Lũng,Bắc Ninh,Xã,baclung,II,,,,99
4,Biển Động,Bắc Ninh,Xã,biendong,II,,,,
5,Biên Sơn,Bắc Ninh,Xã,bienson,I,,,,
6,Bố Hạ,Bắc Ninh,Xã,boha,I,,,,
7,Cao Đức,Bắc Ninh,Xã,caoduc,II,,,,
8,Cẩm Lý,Bắc Ninh,Xã,camly,II,,,,
9,Chi Lăng,Bắc Ninh,Xã,chilang,II,,,,
10,Dương Hưu,Bắc Ninh,Xã,duonghuu,II,,,,
11,Đại Đồng,Bắc Ninh,Xã,daidong,I,,,,
12,Đại Lai,Bắc Ninh,Xã,dailai,II,,,,
13,Đại Sơn,Bắc Ninh,Xã,daison,II,,,,
14,Đèo Gia,Bắc Ninh,Xã,deogia,II,,,,
15,Đông Cứu,Bắc Ninh,Xã,dongcuu,II,,,,
16,Đồng Kỳ,Bắc Ninh,Xã,dongky,II,,,,
17,Đông Phú,Bắc Ninh,Xã,dongphu,II,,,,
18,Đồng Việt,Bắc Ninh,Xã,dongviet,II,,,,
19,Gia Bình,Bắc Ninh,Xã,giabinh,I,,,,
20,Hiệp Hòa,Bắc Ninh,Xã,hiephoa,I,,,,
21,Hoàng Vân,Bắc Ninh,Xã,hoangvan,I,,,,
22,Hợp Thịnh,Bắc Ninh,Xã,hopthinh,I,,,,
23,Kép,Bắc Ninh,Xã,kep,I,,,,
24,Kiên Lao,Bắc Ninh,Xã,kienlao,II,,,,
25,Lạng Giang,Bắc Ninh,Xã,langgiang,I,,,,
26,Lâm Thao,Bắc Ninh,Xã,lamthao,II,,,,
27,Liên Bão,Bắc Ninh,Xã,lienbao,I,,,,
28,Lục Nam,Bắc Ninh,Xã,lucnam,I,,,,
29,Lục Ngạn,Bắc Ninh,Xã,lucngan,I,,,,
30,Lục Sơn,Bắc Ninh,Xã,lucson,II,,,,
31,Lương Tài,Bắc Ninh,Xã,luongtai,I,,,,
32,Mỹ Thái,Bắc Ninh,Xã,mythai,II,,,,
33,Nam Dương,Bắc Ninh,Xã,namduong,II,,,,
34,Nghĩa Phương,Bắc Ninh,Xã,nghiaphuong,I,,,,
35,Ngọc Thiện,Bắc Ninh,Xã,ngocthien,II,,,,
36,Nhã Nam,Bắc Ninh,Xã,nhanam,II,,,,
37,Nhân Thắng,Bắc Ninh,Xã,nhanthang,II,,,,
38,Phật Tích,Bắc Ninh,Xã,phattich,II,,,,
39,Phù Lãng,Bắc Ninh,Xã,phulang,II,,,,
40,Phúc Hòa,Bắc Ninh,Xã,phuchoa,III,,,,
41,Quang Trung,Bắc Ninh,Xã,quangtrung,II,,,,
42,Sa Lý,Bắc Ninh,Xã,saly,III,,,,
43,Sơn Động,Bắc Ninh,Xã,sondong,I,,,,
44,Sơn Hải,Bắc Ninh,Xã,sonhai,II,,,,
45,Tam Đa,Bắc Ninh,Xã,tamda,I,,,,
46,Tam Giang,Bắc Ninh,Xã,tamgiang,II,,,,
47,Tam Tiến,Bắc Ninh,Xã,tamtien,II,,,,
48,Tân Chi,Bắc Ninh,Xã,tanchi,II,,,,
49,Tân Dĩnh,Bắc Ninh,Xã,tandinh,II,,,,
50,Tân Sơn,Bắc Ninh,Xã,tanson,II,,,,
51,Tân Yên,Bắc Ninh,Xã,tanyen,I,,,,
52,Tây Yên Tử,Bắc Ninh,Xã,tayyentu,II,,,,
53,Tiên Du,Bắc Ninh,Xã,tiendu,I,,,,
54,Tiên Lục,Bắc Ninh,Xã,tienluc,I,,,,
55,Trung Chính,Bắc Ninh,Xã,trungchinh,II,,,,
56,Trung Kênh,Bắc Ninh,Xã,trungkenh,I,,,,
57,Trường Sơn,Bắc Ninh,Xã,truongson,II,,,,
58,Tuấn Đạo,Bắc Ninh,Xã,tuandao,III,,,,
59,Văn Môn,Bắc Ninh,Xã,vanmon,I,,,,
60,Vân Sơn,Bắc Ninh,Xã,vanson,II,,,,
61,Xuân Cẩm,Bắc Ninh,Xã,xuancam,I,,,,
62,Xuân Lương,Bắc Ninh,Xã,xuanluong,II,,,,
63,Yên Định,Bắc Ninh,Xã,yendinh,III,,,,
64,Yên Phong,Bắc Ninh,Xã,yenphong,I,,,,
65,Yên Thế,Bắc Ninh,Xã,yenthe,II,,,,
66,Yên Trung,Bắc Ninh,Xã,yentrung,I,,,,
67,Bắc Giang,Bắc Ninh,Phường,bacgiang,I,,,,
68,Bồng Lai,Bắc Ninh,Phường,bonglai,II,,,,
69,Cảnh Thụy,Bắc Ninh,Phường,canhthuy,I,,,,
70,Chũ,Bắc Ninh,Phường,chu,I,,,,
71,Đa Mai,Bắc Ninh,Phường,damai,I,,,,
72,Đào Viên,Bắc Ninh,Phường,daovien,I,,,,
73,Đồng Nguyên,Bắc Ninh,Phường,dongnguyen,I,,,,
74,Hạp Lĩnh,Bắc Ninh,Phường,haplinh,I,,,,
75,Kinh Bắc,Bắc Ninh,Phường,kinhbac,I,,,,
76,Mão Điền,Bắc Ninh,Phường,maodien,I,,,,
77,Nam Sơn,Bắc Ninh,Phường,namson,I,,,,
78,Nếnh,Bắc Ninh,Phường,nenh,I,,,,
79,Nhân Hòa,Bắc Ninh,Phường,nhanhoa,II,,,,
80,Ninh Xá,Bắc Ninh,Phường,ninhxa,II,,,,
81,Phù Khê,Bắc Ninh,Phường,phukhe,I,,,,
82,Phương Liễu,Bắc Ninh,Phường,phuonglieu,I,,,,
83,Phượng Sơn,Bắc Ninh,Phường,phuongson,I,,,,
84,Quế Võ,Bắc Ninh,Phường,quevo,I,,,,
85,Song Liễu,Bắc Ninh,Phường,songlieu,I,,,,
86,Tam Sơn,Bắc Ninh,Phường,tamson,I,,,,
87,Tân An,Bắc Ninh,Phường,tanan,I,,,,
88,Tân Tiến,Bắc Ninh,Phường,tantien,I,,,,
89,Thuận Thành,Bắc Ninh,Phường,thuanthanh,I,,,,
90,Tiền Phong,Bắc Ninh,Phường,tienphong,I,,,,
91,Trạm Lộ,Bắc Ninh,Phường,tramlo,II,,,,
92,Trí Quả,Bắc Ninh,Phường,triqua,I,,,,
93,Tự Lạn,Bắc Ninh,Phường,tulan,I,,,,
94,Từ Sơn,Bắc Ninh,Phường,tuson,I,,,,
95,Vân Hà,Bắc Ninh,Phường,vanha,I,,,,
96,Việt Yên,Bắc Ninh,Phường,vietyen,I,,,,
97,Võ Cường,Bắc Ninh,Phường,vocuong,I,,,,
98,Vũ Ninh,Bắc Ninh,Phường,vuninh,I,,,,
99,Yên Dũng,Bắc Ninh,Phường,yendung,I,,,,