Tên,Thuộc tỉnh/thành phố,Loại,Slug,Đô Thị Loại,Tham khảo,Loại I,35
An Nông,Thanh Hóa,Xã,annong,III,,Loại II,88
Ba Đình,Thanh Hóa,Xã,badinh,III,,Loại III,43
Bá Thước,Thanh Hóa,Xã,bathuoc,II,,,
Bát Mọt,Thanh Hóa,Xã,batmot,II,,,
Biện Thượng,Thanh Hóa,Xã,bienthuong,II,,,
Các Sơn,Thanh Hóa,Xã,cacson,II,,,
Cẩm Tân,Thanh Hóa,Xã,camtan,II,,,
Cẩm Thạch,Thanh Hóa,Xã,camthach,I,,,
Cẩm Thủy,Thanh Hóa,Xã,camthuy,I,,,
Cẩm Tú,Thanh Hóa,Xã,camtu,II,,,
Cẩm Vân,Thanh Hóa,Xã,camvan,II,,,
Cổ Lũng,Thanh Hóa,Xã,colung,III,,,
Công Chính,Thanh Hóa,Xã,congchinh,II,,,
Điền Lư,Thanh Hóa,Xã,dienlu,II,,,
Điền Quang,Thanh Hóa,Xã,dienquang,II,,,
Định Hòa,Thanh Hóa,Xã,dinhhoa,III,,,
Định Tân,Thanh Hóa,Xã,dinhtan,II,,,
Đồng Lương,Thanh Hóa,Xã,dongluong,III,,,
Đông Thành,Thanh Hóa,Xã,dongthanh,III,,,
Đồng Tiến,Thanh Hóa,Xã,dongtien,III,,,
Giao An,Thanh Hóa,Xã,giaoan,III,,,
Hà Long,Thanh Hóa,Xã,halong,II,,,
Hà Trung,Thanh Hóa,Xã,hatrung,II,,,
Hậu Lộc,Thanh Hóa,Xã,hauloc,II,,,
Hiền Kiệt,Thanh Hóa,Xã,hienkiet,II,,,
Hoa Lộc,Thanh Hóa,Xã,hoaloc,II,,,
Hóa Quỳ,Thanh Hóa,Xã,hoaquy,III,,,
Hoạt Giang,Thanh Hóa,Xã,hoatgiang,III,,,
Hoằng Châu,Thanh Hóa,Xã,hoangchau,II,,,
Hoằng Giang,Thanh Hóa,Xã,hoanggiang,II,,,
Hoằng Hóa,Thanh Hóa,Xã,hoanghoa,I,,,
Hoằng Lộc,Thanh Hóa,Xã,hoangloc,II,,,
Hoằng Phú,Thanh Hóa,Xã,hoangphu,III,,,
Hoằng Sơn,Thanh Hóa,Xã,hoangson,II,,,
Hoằng Thanh,Thanh Hóa,Xã,hoangthanh,II,,,
Hoằng Tiến,Thanh Hóa,Xã,hoangtien,II,,,
Hồ Vương,Thanh Hóa,Xã,hovuong,III,,,
Hồi Xuân,Thanh Hóa,Xã,hoixuan,II,,,
Hợp Tiến,Thanh Hóa,Xã,hoptien,II,,,
Kiên Thọ,Thanh Hóa,Xã,kientho,II,,,
Kim Tân,Thanh Hóa,Xã,kimtan,I,,,
Lam Sơn,Thanh Hóa,Xã,lamson,II,,,
Linh Sơn,Thanh Hóa,Xã,linhson,II,,,
Lĩnh Toại,Thanh Hóa,Xã,linhtoai,II,,,
Luận Thành,Thanh Hóa,Xã,luanthanh,II,,,
Lương Sơn,Thanh Hóa,Xã,luongson,III,,,
Lưu Vệ,Thanh Hóa,Xã,luuve,II,,,
Mậu Lâm,Thanh Hóa,Xã,maulam,II,,,
Minh Sơn,Thanh Hóa,Xã,minhson,I,,,
Mường Chanh,Thanh Hóa,Xã,muongchanh,II,,,
Mường Lát,Thanh Hóa,Xã,muonglat,II,,,
Mường Lý,Thanh Hóa,Xã,muongly,III,,,
Mường Mìn,Thanh Hóa,Xã,muongmin,II,,,
Na Mèo,Thanh Hóa,Xã,nameo,II,,,
Nam Xuân,Thanh Hóa,Xã,namxuan,III,,,
Nga An,Thanh Hóa,Xã,ngaan,III,,,
Nga Sơn,Thanh Hóa,Xã,ngason,I,,,
Nga Thắng,Thanh Hóa,Xã,ngathang,III,,,
Ngọc Lặc,Thanh Hóa,Xã,ngoclac,I,,,
Ngọc Liên,Thanh Hóa,Xã,ngoclien,I,,,
Ngọc Trạo,Thanh Hóa,Xã,ngoctrao,II,,,
Nguyệt Ấn,Thanh Hóa,Xã,nguyetan,II,,,
Nhi Sơn,Thanh Hóa,Xã,nhison,II,,,
Như Thanh,Thanh Hóa,Xã,nhuthanh,II,,,
Như Xuân,Thanh Hóa,Xã,nhuxuan,II,,,
Nông Cống,Thanh Hóa,Xã,nongcong,I,,,
Phú Lệ,Thanh Hóa,Xã,phule,III,,,
Phú Xuân,Thanh Hóa,Xã,phuxuan,III,,,
Pù Luông,Thanh Hóa,Xã,puluong,III,,,
Pù Nhi,Thanh Hóa,Xã,punhi,II,,,
Quan Sơn,Thanh Hóa,Xã,quanson,II,,,
Quảng Bình,Thanh Hóa,Xã,quangbinh,II,,,
Quang Chiểu,Thanh Hóa,Xã,quangchieu,II,,,
Quảng Chính,Thanh Hóa,Xã,quangchinh,III,,,
Quảng Ngọc,Thanh Hóa,Xã,quangngoc,III,,,
Quảng Ninh,Thanh Hóa,Xã,quangninh,II,,,
Quảng Yên,Thanh Hóa,Xã,quangyen,II,,,
Quý Lộc,Thanh Hóa,Xã,quyloc,II,,,
Quý Lương,Thanh Hóa,Xã,quyluong,II,,,
Sao Vàng,Thanh Hóa,Xã,saovang,I,,,
Sơn Điện,Thanh Hóa,Xã,sondien,II,,,
Sơn Thủy,Thanh Hóa,Xã,sonthuy,II,,,
Tam Chung,Thanh Hóa,Xã,tamchung,II,,,
Tam Lư,Thanh Hóa,Xã,tamlu,I,,,
Tam Thanh,Thanh Hóa,Xã,tamthanh,II,,,
Tân Ninh,Thanh Hóa,Xã,tanninh,II,,,
Tân Thành,Thanh Hóa,Xã,tanthanh,II,,,
Tân Tiến,Thanh Hóa,Xã,tantien,II,,,
Tây Đô,Thanh Hóa,Xã,taydo,III,,,
Thạch Bình,Thanh Hóa,Xã,thachbinh,I,,,
Thạch Lập,Thanh Hóa,Xã,thachlap,II,,,
Thạch Quảng,Thanh Hóa,Xã,thachquang,II,,,
Thanh Kỳ,Thanh Hóa,Xã,thanhky,II,,,
Thanh Phong,Thanh Hóa,Xã,thanhphong,III,,,
Thanh Quân,Thanh Hóa,Xã,thanhquan,II,,,
Thành Vinh,Thanh Hóa,Xã,thanhvinh,I,,,
Thăng Bình,Thanh Hóa,Xã,thangbinh,II,,,
Thắng Lộc,Thanh Hóa,Xã,thangloc,II,,,
Thắng Lợi,Thanh Hóa,Xã,thangloi,III,,,
Thiên Phủ,Thanh Hóa,Xã,thienphu,III,,,
Thiết Ống,Thanh Hóa,Xã,thietong,II,,,
Thiệu Hóa,Thanh Hóa,Xã,thieuhoa,I,,,
Thiệu Quang,Thanh Hóa,Xã,thieuquang,II,,,
Thiệu Tiến,Thanh Hóa,Xã,thieutien,III,,,
Thiệu Toán,Thanh Hóa,Xã,thieutoan,III,,,
Thiệu Trung,Thanh Hóa,Xã,thieutrung,II,,,
Thọ Bình,Thanh Hóa,Xã,thobinh,II,,,
Thọ Lập,Thanh Hóa,Xã,tholap,III,,,
Thọ Long,Thanh Hóa,Xã,tholong,II,,,
Thọ Ngọc,Thanh Hóa,Xã,thongoc,II,,,
Thọ Phú,Thanh Hóa,Xã,thophu,II,,,
Thọ Xuân,Thanh Hóa,Xã,thoxuan,II,,,
Thượng Ninh,Thanh Hóa,Xã,thuongninh,II,,,
Thường Xuân,Thanh Hóa,Xã,thuongxuan,I,,,
Tiên Trang,Thanh Hóa,Xã,tientrang,II,,,
Tống Sơn,Thanh Hóa,Xã,tongson,II,,,
Triệu Lộc,Thanh Hóa,Xã,trieuloc,III,,,
Triệu Sơn,Thanh Hóa,Xã,trieuson,II,,,
Trung Chính,Thanh Hóa,Xã,trungchinh,II,,,
Trung Hạ,Thanh Hóa,Xã,trungha,III,,,
Trung Lý,Thanh Hóa,Xã,trungly,I,,,
Trung Sơn,Thanh Hóa,Xã,trungson,III,,,
Trung Thành,Thanh Hóa,Xã,trungthanh,III,,,
Trường Lâm,Thanh Hóa,Xã,truonglam,II,,,
Trường Văn,Thanh Hóa,Xã,truongvan,III,,,
Tượng Lĩnh,Thanh Hóa,Xã,tuonglinh,III,,,
Vạn Lộc,Thanh Hóa,Xã,vanloc,I,,,
Vạn Xuân,Thanh Hóa,Xã,vanxuan,III,,,
Văn Nho,Thanh Hóa,Xã,vannho,III,,,
Văn Phú,Thanh Hóa,Xã,vanphu,III,,,
Vân Du,Thanh Hóa,Xã,vandu,II,,,
Vĩnh Lộc,Thanh Hóa,Xã,vinhloc,II,,,
Xuân Bình,Thanh Hóa,Xã,xuanbinh,II,,,
Xuân Chinh,Thanh Hóa,Xã,xuanchinh,II,,,
Xuân Du,Thanh Hóa,Xã,xuandu,I,,,
Xuân Hòa,Thanh Hóa,Xã,xuanhoa,II,,,
Xuân Lập,Thanh Hóa,Xã,xuanlap,II,,,
Xuân Thái,Thanh Hóa,Xã,xuanthai,II,,,
Xuân Tín,Thanh Hóa,Xã,xuantin,III,,,
Yên Định,Thanh Hóa,Xã,yendinh,II,,,
Yên Khương,Thanh Hóa,Xã,yenkhuong,II,,,
Yên Nhân,Thanh Hóa,Xã,yennhan,II,,,
Yên Ninh,Thanh Hóa,Xã,yenninh,III,,,
Yên Phú,Thanh Hóa,Xã,yenphu,III,,,
Yên Thắng,Thanh Hóa,Xã,yenthang,III,,,
Yên Thọ,Thanh Hóa,Xã,yentho,II,,,
Yên Trường,Thanh Hóa,Xã,yentruong,III,,,
Bỉm Sơn,Thanh Hóa,Phường,bimson,I,,,
Đào Duy Từ,Thanh Hóa,Phường,daoduytu,I,,,
Đông Quang,Thanh Hóa,Phường,dongquang,I,,,
Đông Sơn,Thanh Hóa,Phường,dongson,I,,,
Đông Tiến,Thanh Hóa,Phường,dongtien,I,,,
Hạc Thành,Thanh Hóa,Phường,hacthanh,I,,,
Hải Bình,Thanh Hóa,Phường,haibinh,I,,,
Hải Lĩnh,Thanh Hóa,Phường,hailinh,II,,,
Hàm Rồng,Thanh Hóa,Phường,hamrong,I,,,
Nam Sầm Sơn,Thanh Hóa,Phường,namsamson,I,,,
Nghi Sơn,Thanh Hóa,Phường,nghison,I,,,
Ngọc Sơn,Thanh Hóa,Phường,ngocson,I,,,
Nguyệt Viên,Thanh Hóa,Phường,nguyetvien,I,,,
Quảng Phú,Thanh Hóa,Phường,quangphu,I,,,
Quang Trung,Thanh Hóa,Phường,quangtrung,I,,,
Sầm Sơn,Thanh Hóa,Phường,samson,I,,,
Tân Dân,Thanh Hóa,Phường,tandan,II,,,
Tĩnh Gia,Thanh Hóa,Phường,tinhgia,I,,,
Trúc Lâm,Thanh Hóa,Phường,truclam,I,,,