STT,Tên,Thuộc tỉnh/thành phố,Loại,Slug,Phân Loại Đơn vị hành chính,Tham khảo,,Loại I,21
1,Can Lộc,Hà Tĩnh,Xã,canloc,I,,,Loại II,28
2,Cẩm Bình,Hà Tĩnh,Xã,cambinh,II,,,Loại III,20
3,Cẩm Duệ,Hà Tĩnh,Xã,camdue,I,,,,69
4,Cẩm Hưng,Hà Tĩnh,Xã,camhung,II,,,,
5,Cẩm Lạc,Hà Tĩnh,Xã,camlac,II,,,,
6,Cẩm Trung,Hà Tĩnh,Xã,camtrung,III,,,,
7,Cẩm Xuyên,Hà Tĩnh,Xã,camxuyen,II,,,,
8,Cổ Đạm,Hà Tĩnh,Xã,codam,II,,,,
9,Đan Hải,Hà Tĩnh,Xã,danhai,II,,,,
10,Đông Kinh,Hà Tĩnh,Xã,dongkinh,III,,,,
11,Đồng Lộc,Hà Tĩnh,Xã,dongloc,II,,,,
12,Đồng Tiến,Hà Tĩnh,Xã,dongtien,III,,,,
13,Đức Đồng,Hà Tĩnh,Xã,ducdong,III,,,,
14,Đức Minh,Hà Tĩnh,Xã,ducminh,III,,,,
15,Đức Quang,Hà Tĩnh,Xã,ducquang,III,,,,
16,Đức Thịnh,Hà Tĩnh,Xã,ducthinh,II,,,,
17,Đức Thọ,Hà Tĩnh,Xã,ductho,I,,,,
18,Gia Hanh,Hà Tĩnh,Xã,giahanh,II,,,,
19,Hà Linh,Hà Tĩnh,Xã,halinh,II,,,,
20,Hồng Lộc,Hà Tĩnh,Xã,hongloc,III,,,,
21,Hương Bình,Hà Tĩnh,Xã,huongbinh,I,,,,
22,Hương Đô,Hà Tĩnh,Xã,huongdo,II,,,,
23,Hương Khê,Hà Tĩnh,Xã,huongkhe,I,,,,
24,Hương Phố,Hà Tĩnh,Xã,huongpho,II,,,,
25,Hương Sơn,Hà Tĩnh,Xã,huongson,I,,,,
26,Hương Xuân,Hà Tĩnh,Xã,huongxuan,I,,,,
27,Kim Hoa,Hà Tĩnh,Xã,kimhoa,III,,,,
28,Kỳ Anh,Hà Tĩnh,Xã,kyanh,I,,,,
29,Kỳ Hoa,Hà Tĩnh,Xã,kyhoa,II,,,,
30,Kỳ Khang,Hà Tĩnh,Xã,kykhang,II,,,,
31,Kỳ Lạc,Hà Tĩnh,Xã,kylac,II,,,,
32,Kỳ Thượng,Hà Tĩnh,Xã,kythuong,II,,,,
33,Kỳ Văn,Hà Tĩnh,Xã,kyvan,II,,,,
34,Kỳ Xuân,Hà Tĩnh,Xã,kyxuan,II,,,,
35,Lộc Hà,Hà Tĩnh,Xã,locha,I,,,,
36,Mai Hoa,Hà Tĩnh,Xã,maihoa,III,,,,
37,Mai Phụ,Hà Tĩnh,Xã,maiphu,II,,,,
38,Nghi Xuân,Hà Tĩnh,Xã,nghixuan,I,,,,
39,Phúc Trạch,Hà Tĩnh,Xã,phuctrach,II,,,,
40,Sơn Giang,Hà Tĩnh,Xã,songiang,III,,,,
41,Sơn Hồng,Hà Tĩnh,Xã,sonhong,II,,,,
42,Sơn Kim 1,Hà Tĩnh,Xã,sonkim1,II,,,,
43,Sơn Kim 2,Hà Tĩnh,Xã,sonkim2,II,,,,
44,Sơn Tây,Hà Tĩnh,Xã,sontay,III,,,,
45,Sơn Tiến,Hà Tĩnh,Xã,sontien,III,,,,
46,Thạch Hà,Hà Tĩnh,Xã,thachha,II,,,,
47,Thạch Khê,Hà Tĩnh,Xã,thachkhe,II,,,,
48,Thạch Lạc,Hà Tĩnh,Xã,thachlac,III,,,,
49,Thạch Xuân,Hà Tĩnh,Xã,thachxuan,II,,,,
50,Thiên Cầm,Hà Tĩnh,Xã,thiencam,I,,,,
51,Thượng Đức,Hà Tĩnh,Xã,thuongduc,III,,,,
52,Tiên Điền,Hà Tĩnh,Xã,tiendien,II,,,,
53,Toàn Lưu,Hà Tĩnh,Xã,toanluu,II,,,,
54,Trường Lưu,Hà Tĩnh,Xã,truongluu,III,,,,
55,Tùng Lộc,Hà Tĩnh,Xã,tungloc,III,,,,
56,Tứ Mỹ,Hà Tĩnh,Xã,tumy,III,,,,
57,Việt Xuyên,Hà Tĩnh,Xã,vietxuyen,III,,,,
58,Vũ Quang,Hà Tĩnh,Xã,vuquang,I,,,,
59,Xuân Lộc,Hà Tĩnh,Xã,xuanloc,III,,,,
60,Yên Hòa,Hà Tĩnh,Xã,yenhoa,III,,,,
61,Bắc Hồng Lĩnh,Hà Tĩnh,Phường,bachonglinh,I,,,,
62,Hà Huy Tập,Hà Tĩnh,Phường,hahuytap,I,,,,
63,Hải Ninh,Hà Tĩnh,Phường,haininh,I,,,,
64,Hoành Sơn,Hà Tĩnh,Phường,hoanhson,I,,,,
65,Nam Hồng Lĩnh,Hà Tĩnh,Phường,namhonglinh,I,,,,
66,Sông Trí,Hà Tĩnh,Phường,songtri,I,,,,
67,Thành Sen,Hà Tĩnh,Phường,thanhsen,I,,,,
68,Trần Phú,Hà Tĩnh,Phường,tranphu,I,,,,
69,Vũng Áng,Hà Tĩnh,Phường,vungang,I,,,,