STT,Tên,Thuộc tỉnh/thành phố,Loại,Slug,Phân loại đơn vị hành chính,Tham khảo,,Loại I,46
1,Anh Dũng,Khánh Hòa,Xã,anhdung,I,,,Loại II,19
2,Bác Ái,Khánh Hòa,Xã,bacai,II,,,Loại III,0
3,Bác Ái Đông,Khánh Hòa,Xã,bacaidong,II,,,,65
4,Bác Ái Tây,Khánh Hòa,Xã,bacaitay,II,,,,
5,Bắc Khánh Vĩnh,Khánh Hòa,Xã,backhanhvinh,II,,,,
6,Bắc Ninh Hòa,Khánh Hòa,Xã,bacninhhoa,I,,,,
7,Cà Ná,Khánh Hòa,Xã,cana,I,,,,
8,Cam An,Khánh Hòa,Xã,caman,I,,,,
9,Cam Hiệp,Khánh Hòa,Xã,camhiep,II,,,,
10,Cam Lâm,Khánh Hòa,Xã,camlam,I,,,,
11,Công Hải,Khánh Hòa,Xã,conghai,I,,,,
12,Diên Điền,Khánh Hòa,Xã,diendien,II,,,,
13,Diên Khánh,Khánh Hòa,Xã,dienkhanh,I,,,,
14,Diên Lạc,Khánh Hòa,Xã,dienlac,II,,,,
15,Diên Lâm,Khánh Hòa,Xã,dienlam,II,,,,
16,Diên Thọ,Khánh Hòa,Xã,dientho,II,,,,
17,Đại Lãnh,Khánh Hòa,Xã,dailanh,I,,,,
18,Đông Khánh Sơn,Khánh Hòa,Xã,dongkhanhson,II,,,,
19,Hòa Trí,Khánh Hòa,Xã,hoatri,I,,,,
20,Khánh Sơn,Khánh Hòa,Xã,khanhson,II,,,,
21,Khánh Vĩnh,Khánh Hòa,Xã,khanhvinh,II,,,,
22,Lâm Sơn,Khánh Hòa,Xã,lamson,I,,,,
23,Mỹ Sơn,Khánh Hòa,Xã,myson,I,,,,
24,Nam Cam Ranh,Khánh Hòa,Xã,namcamranh,I,,,,
25,Nam Khánh Vĩnh,Khánh Hòa,Xã,namkhanhvinh,II,,,,
26,Nam Ninh Hòa,Khánh Hòa,Xã,namninhhoa,I,,,,
27,Ninh Hải,Khánh Hòa,Xã,ninhhai,I,,,,
28,Ninh Phước,Khánh Hòa,Xã,ninhphuoc,I,,,,
29,Ninh Sơn,Khánh Hòa,Xã,ninhson,I,,,,
30,Phước Dinh,Khánh Hòa,Xã,phuocdinh,I,,,,
31,Phước Hà,Khánh Hòa,Xã,phuocha,I,,,,
32,Phước Hậu,Khánh Hòa,Xã,phuochau,I,,,,
33,Phước Hữu,Khánh Hòa,Xã,phuochuu,I,,,,
34,Suối Dầu,Khánh Hòa,Xã,suoidau,I,,,,
35,Suối Hiệp,Khánh Hòa,Xã,suoihiep,II,,,,
36,Tân Định,Khánh Hòa,Xã,tandinh,I,,,,
37,Tây Khánh Sơn,Khánh Hòa,Xã,taykhanhson,II,,,,
38,Tây Khánh Vĩnh,Khánh Hòa,Xã,taykhanhvinh,II,,,,
39,Tây Ninh Hòa,Khánh Hòa,Xã,tayninhhoa,I,,,,
40,Thuận Bắc,Khánh Hòa,Xã,thuanbac,I,,,,
41,Thuận Nam,Khánh Hòa,Xã,thuannam,I,,,,
42,Trung Khánh Vĩnh,Khánh Hòa,Xã,trungkhanhvinh,II,,,,
43,Tu Bông,Khánh Hòa,Xã,tubong,I,,,,
44,Vạn Hưng,Khánh Hòa,Xã,vanhung,I,,,,
45,Vạn Ninh,Khánh Hòa,Xã,vanninh,I,,,,
46,Vạn Thắng,Khánh Hòa,Xã,vanthang,I,,,,
47,Vĩnh Hải,Khánh Hòa,Xã,vinhhai,I,,,,
48,Xuân Hải,Khánh Hòa,Xã,xuanhai,I,,,,
49,Ba Ngòi,Khánh Hòa,Phường,bangoi,I,,,,
50,Bảo An,Khánh Hòa,Phường,baoan,I,,,,
51,Bắc Cam Ranh,Khánh Hòa,Phường,baccamranh,I,,,,
52,Bắc Nha Trang,Khánh Hòa,Phường,bacnhatrang,I,,,,
53,Cam Linh,Khánh Hòa,Phường,camlinh,II,,,,
54,Cam Ranh,Khánh Hòa,Phường,camranh,II,,,,
55,Đô Vinh,Khánh Hòa,Phường,dovinh,I,,,,
56,Đông Hải,Khánh Hòa,Phường,donghai,I,,,,
57,Đông Ninh Hòa,Khánh Hòa,Phường,dongninhhoa,I,,,,
58,Hòa Thắng,Khánh Hòa,Phường,hoathang,I,,,,
59,Nam Nha Trang,Khánh Hòa,Phường,namnhatrang,I,,,,
60,Nha Trang,Khánh Hòa,Phường,nhatrang,I,,,,
61,Ninh Chử,Khánh Hòa,Phường,ninhchu,I,,,,
62,Ninh Hòa,Khánh Hòa,Phường,ninhhoa,I,,,,
63,Phan Rang,Khánh Hòa,Phường,phanrang,I,,,,
64,Tây Nha Trang,Khánh Hòa,Phường,taynhatrang,I,,,,
65,Đặc khu Trường Xa,Khánh Hòa,Đặc khu,,I,,,,