STT,Tên,Thuộc tỉnh/thành phố,Loại,Slug,Phân loại đơn vị hành chính,Tham khảo,,Loại I,18
1,Ba Sơn,Lạng Sơn,Xã,bason,I,,,Loại II,46
2,Bắc Sơn,Lạng Sơn,Xã,bacson,I,,,Loại III,1
3,Bằng Mạc,Lạng Sơn,Xã,bangmac,II,,,,65
4,Bình Gia,Lạng Sơn,Xã,binhgia,I,,,,
5,Cai Kinh,Lạng Sơn,Xã,caikinh,II,,,,
6,Cao Lộc,Lạng Sơn,Xã,caoloc,II,,,,
7,Châu Sơn,Lạng Sơn,Xã,chauson,II,,,,
8,Chi Lăng,Lạng Sơn,Xã,chilang,I,,,,
9,Chiến Thắng,Lạng Sơn,Xã,chienthang,II,,,,
10,Công Sơn,Lạng Sơn,Xã,congson,II,,,,
11,Điềm He,Lạng Sơn,Xã,diemhe,II,,,,
12,Đình Lập,Lạng Sơn,Xã,dinhlap,II,,,,
13,Đoàn Kết,Lạng Sơn,Xã,doanket,II,,,,
14,Đồng Đăng,Lạng Sơn,Xã,dongdang,I,,,,
15,Hoa Thám,Lạng Sơn,Xã,hoatham,II,,,,
16,Hoàng Văn Thụ,Lạng Sơn,Xã,hoangvanthu,I,,,,
17,Hội Hoan,Lạng Sơn,Xã,hoihoan,II,,,,
18,Hồng Phong,Lạng Sơn,Xã,hongphong,II,,,,
19,Hưng Vũ,Lạng Sơn,Xã,hungvu,II,,,,
20,Hữu Liên,Lạng Sơn,Xã,huulien,II,,,,
21,Hữu Lũng,Lạng Sơn,Xã,huulung,I,,,,
22,Kháng Chiến,Lạng Sơn,Xã,khangchien,II,,,,
23,Khánh Khê,Lạng Sơn,Xã,khanhkhe,II,,,,
24,Khuất Xá,Lạng Sơn,Xã,khuatxa,II,,,,
25,Kiên Mộc,Lạng Sơn,Xã,kienmoc,I,,,,
26,Lộc Bình,Lạng Sơn,Xã,locbinh,I,,,,
27,Lợi Bác,Lạng Sơn,Xã,loibac,II,,,,
28,Mẫu Sơn,Lạng Sơn,Xã,mauson,II,,,,
29,Na Dương,Lạng Sơn,Xã,naduong,I,,,,
30,Na Sầm,Lạng Sơn,Xã,nasam,II,,,,
31,Nhân Lý,Lạng Sơn,Xã,nhanly,II,,,,
32,Nhất Hòa,Lạng Sơn,Xã,nhathoa,II,,,,
33,Quan Sơn,Lạng Sơn,Xã,quanson,II,,,,
34,Quốc Khánh,Lạng Sơn,Xã,quockhanh,I,,,,
35,Quốc Việt,Lạng Sơn,Xã,quocviet,II,,,,
36,Quý Hòa,Lạng Sơn,Xã,quyhoa,III,,,,
37,Tân Đoàn,Lạng Sơn,Xã,tandoan,II,,,,
38,Tân Thành,Lạng Sơn,Xã,tanthanh,I,,,,
39,Tân Tiến,Lạng Sơn,Xã,tantien,II,,,,
40,Tân Tri,Lạng Sơn,Xã,tantri,II,,,,
41,Tân Văn,Lạng Sơn,Xã,tanvan,II,,,,
42,Thái Bình,Lạng Sơn,Xã,thaibinh,II,,,,
43,Thất Khê,Lạng Sơn,Xã,thatkhe,I,,,,
44,Thiện Hòa,Lạng Sơn,Xã,thienhoa,II,,,,
45,Thiện Long,Lạng Sơn,Xã,thienlong,II,,,,
46,Thiện Tân,Lạng Sơn,Xã,thientan,II,,,,
47,Thiện Thuật,Lạng Sơn,Xã,thienthuat,II,,,,
48,Thống Nhất,Lạng Sơn,Xã,thongnhat,II,,,,
49,Thụy Hùng,Lạng Sơn,Xã,thuyhung,II,,,,
50,Tràng Định,Lạng Sơn,Xã,trangdinh,II,,,,
51,Tri Lễ,Lạng Sơn,Xã,trile,II,,,,
52,Tuấn Sơn,Lạng Sơn,Xã,tuanson,I,,,,
53,Vạn Linh,Lạng Sơn,Xã,vanlinh,II,,,,
54,xã Văn Lang,Lạng Sơn,Xã,xavanlang,II,,,,
55,Văn Quan,Lạng Sơn,Xã,vanquan,II,,,,
56,Vân Nham,Lạng Sơn,Xã,vannham,II,,,,
57,Vũ Lăng,Lạng Sơn,Xã,vulang,II,,,,
58,Vũ Lễ,Lạng Sơn,Xã,vule,II,,,,
59,Xuân Dương,Lạng Sơn,Xã,xuanduong,II,,,,
60,Yên Bình,Lạng Sơn,Xã,yenbinh,II,,,,
61,Yên Phúc,Lạng Sơn,Xã,yenphuc,II,,,,
62,Đông Kinh,Lạng Sơn,Phường,dongkinh,I,,,,
63,Kỳ Lừa,Lạng Sơn,Phường,kylua,I,,,,
64,Lương Văn Tri,Lạng Sơn,Phường,luongvantri,I,,,,
65,Tam Thanh,Lạng Sơn,Phường,tamthanh,I,,,,