STT,Tên,Thuộc tỉnh/thành phố,Loại,Slug,Phân loại đơn vị hành chính,Tham Khảo,,Loại I,35
1,A Mú Sung,Lào Cai,Xã,amusung,II,,,Loại II,58
2,Bản Hồ,Lào Cai,Xã,banho,II,,,Loại III,6
3,Bản Lầu,Lào Cai,Xã,banlau,II,,,,99
4,Bản Liền,Lào Cai,Xã,banlien,III,,,,
5,Bản Xèo,Lào Cai,Xã,banxeo,III,,,,
6,Bảo Ái,Lào Cai,Xã,baoai,I,,,,
7,Bảo Hà,Lào Cai,Xã,baoha,I,,,,
8,Bảo Nhai,Lào Cai,Xã,baonhai,I,,,,
9,Bảo Thắng,Lào Cai,Xã,baothang,I,,,,
10,Bảo Yên,Lào Cai,Xã,baoyen,I,,,,
11,Bát Xát,Lào Cai,Xã,batxat,I,,,,
12,Bắc Hà,Lào Cai,Xã,bacha,I,,,,
13,Cảm Nhân,Lào Cai,Xã,camnhan,II,,,,
14,Cao Sơn,Lào Cai,Xã,caoson,II,,,,
15,Cát Thịnh,Lào Cai,Xã,catthinh,II,,,,
16,Chấn Thịnh,Lào Cai,Xã,chanthinh,II,,,,
17,Châu Quế,Lào Cai,Xã,chauque,II,,,,
18,Chế Tạo,Lào Cai,Xã,chetao,II,,,,
19,Chiềng Ken,Lào Cai,Xã,chiengken,II,,,,
20,Cốc Lầu,Lào Cai,Xã,coclau,II,,,,
21,Cốc San,Lào Cai,Xã,cocsan,II,,,,
22,Dền Sáng,Lào Cai,Xã,densang,II,,,,
23,Dương Quỳ,Lào Cai,Xã,duongquy,II,,,,
24,Đông Cuông,Lào Cai,Xã,dongcuong,I,,,,
25,Gia Hội,Lào Cai,Xã,giahoi,I,,,,
26,Gia Phú,Lào Cai,Xã,giaphu,I,,,,
27,Hạnh Phúc,Lào Cai,Xã,hanhphuc,II,,,,
28,Hợp Thành,Lào Cai,Xã,hopthanh,II,,,,
29,Hưng Khánh,Lào Cai,Xã,hungkhanh,II,,,,
30,Khánh Hòa,Lào Cai,Xã,khanhhoa,I,,,,
31,Khánh Yên,Lào Cai,Xã,khanhyen,I,,,,
32,Khao Mang,Lào Cai,Xã,khaomang,II,,,,
33,Lao Chải,Lào Cai,Xã,laochai,II,,,,
34,Lâm Giang,Lào Cai,Xã,lamgiang,II,,,,
35,Lâm Thượng,Lào Cai,Xã,lamthuong,II,,,,
36,Liên Sơn,Lào Cai,Xã,lienson,III,,,,
37,Lục Yên,Lào Cai,Xã,lucyen,I,,,,
38,Lùng Phình,Lào Cai,Xã,lungphinh,II,,,,
39,Lương Thịnh,Lào Cai,Xã,luongthinh,II,,,,
40,Mậu A,Lào Cai,Xã,maua,I,,,,
41,Minh Lương,Lào Cai,Xã,minhluong,II,,,,
42,Mỏ Vàng,Lào Cai,Xã,movang,II,,,,
43,Mù Cang Chải,Lào Cai,Xã,mucangchai,II,,,,
44,Mường Bo,Lào Cai,Xã,muongbo,II,,,,
45,Mường Hum,Lào Cai,Xã,muonghum,II,,,,
46,Mường Khương,Lào Cai,Xã,muongkhuong,I,,,,
47,Mường Lai,Lào Cai,Xã,muonglai,II,,,,
48,Nậm Chày,Lào Cai,Xã,namchay,II,,,,
49,Nậm Có,Lào Cai,Xã,namco,II,,,,
50,Nậm Xé,Lào Cai,Xã,namxe,II,,,,
51,Nghĩa Đô,Lào Cai,Xã,nghiado,II,,,,
52,Nghĩa Tâm,Lào Cai,Xã,nghiatam,II,,,,
53,Ngũ Chỉ Sơn,Lào Cai,Xã,nguchison,II,,,,
54,Pha Long,Lào Cai,Xã,phalong,II,,,,
55,Phình Hồ,Lào Cai,Xã,phinhho,II,,,,
56,Phong Du Hạ,Lào Cai,Xã,phongduha,II,,,,
57,Phong Du Thượng,Lào Cai,Xã,phongduthuong,II,,,,
58,Phong Hải,Lào Cai,Xã,phonghai,II,,,,
59,Phúc Khánh,Lào Cai,Xã,phuckhanh,II,,,,
60,Phúc Lợi,Lào Cai,Xã,phucloi,II,,,,
61,Púng Luông,Lào Cai,Xã,pungluong,I,,,,
62,Quy Mông,Lào Cai,Xã,quymong,II,,,,
63,Si Ma Cai,Lào Cai,Xã,simacai,I,,,,
64,Sín Chéng,Lào Cai,Xã,sincheng,II,,,,
65,Sơn Lương,Lào Cai,Xã,sonluong,II,,,,
66,Tả Củ Tỷ,Lào Cai,Xã,tacuty,III,,,,
67,Tả Phìn,Lào Cai,Xã,taphin,II,,,,
68,Tả Van,Lào Cai,Xã,tavan,I,,,,
69,Tà Xi Láng,Lào Cai,Xã,taxilang,III,,,,
70,Tằng Loỏng,Lào Cai,Xã,tangloong,I,,,,
71,Tân Hợp,Lào Cai,Xã,tanhop,II,,,,
72,Tân Lĩnh,Lào Cai,Xã,tanlinh,I,,,,
73,Thác Bà,Lào Cai,Xã,thacba,I,,,,
74,Thượng Bằng La,Lào Cai,Xã,thuongbangla,III,,,,
75,Thượng Hà,Lào Cai,Xã,thuongha,II,,,,
76,Trạm Tấu,Lào Cai,Xã,tramtau,II,,,,
77,Trấn Yên,Lào Cai,Xã,tranyen,I,,,,
78,Trịnh Tường,Lào Cai,Xã,trinhtuong,II,,,,
79,Tú Lệ,Lào Cai,Xã,tule,II,,,,
80,Văn Bàn,Lào Cai,Xã,vanban,I,,,,
81,Văn Chấn,Lào Cai,Xã,vanchan,I,,,,
82,Việt Hồng,Lào Cai,Xã,viethong,II,,,,
83,Võ Lao,Lào Cai,Xã,volao,I,,,,
84,Xuân Ái,Lào Cai,Xã,xuanai,II,,,,
85,Xuân Hòa,Lào Cai,Xã,xuanhoa,II,,,,
86,Xuân Quang,Lào Cai,Xã,xuanquang,I,,,,
87,Y Tý,Lào Cai,Xã,yty,II,,,,
88,Yên Bình,Lào Cai,Xã,yenbinh,I,,,,
89,Yên Thành,Lào Cai,Xã,yenthanh,II,,,,
90,Âu Lâu,Lào Cai,Phường,aulau,I,,,,
91,Cam Đường,Lào Cai,Phường,camduong,I,,,,
92,Cầu Thia,Lào Cai,Phường,cauthia,II,,,,
93,Lào Cai,Lào Cai,Phường,laocai,I,,,,
94,Nam Cường,Lào Cai,Phường,namcuong,I,,,,
95,Nghĩa Lộ,Lào Cai,Phường,nghialo,II,,,,
96,Sa Pa,Lào Cai,Phường,sapa,I,,,,
97,Trung Tâm,Lào Cai,Phường,trungtam,I,,,,
98,Văn Phú,Lào Cai,Phường,vanphu,I,,,,
99,Yên Bái,Lào Cai,Phường,yenbai,I,,,,