STT,Tên,Thuộc tỉnh/thành phố,Loại,Slug,Đô Thị Loại,Tham Khảo,,Loại I,45
1,An Phú,Quảng Ngãi,Xã,anphu,II,,,Loại II,49
2,Ba Dinh,Quảng Ngãi,Xã,badinh,II,,,Loại III,2
3,Ba Động,Quảng Ngãi,Xã,badong,II,,,,96
4,Ba Gia,Quảng Ngãi,Xã,bagia,II,,,,
5,Ba Tô,Quảng Ngãi,Xã,bato,II,,,,
6,Ba Tơ,Quảng Ngãi,Xã,bato,II,,,,
7,Ba Vì,Quảng Ngãi,Xã,bavi,II,,,,
8,Ba Vinh,Quảng Ngãi,Xã,bavinh,II,,,,
9,Ba Xa,Quảng Ngãi,Xã,baxa,II,,,,
10,Bình Chương,Quảng Ngãi,Xã,binhchuong,III,,,,
11,Bình Minh,Quảng Ngãi,Xã,binhminh,II,,,,
12,Bình Sơn,Quảng Ngãi,Xã,binhson,I,,,,
13,Bờ Y,Quảng Ngãi,Xã,boy,I,,,,
14,Cà Đam,Quảng Ngãi,Xã,cadam,III,,,,
15,Dục Nông,Quảng Ngãi,Xã,ducnong,I,,,,
16,Đăk Hà,Quảng Ngãi,Xã,dakha,I,,,,
17,Đăk Kôi,Quảng Ngãi,Xã,dakkoi,I,,,,
18,Đăk Long,Quảng Ngãi,Xã,daklong,I,,,,
19,Đăk Mar,Quảng Ngãi,Xã,dakmar,II,,,,
20,Đăk Môn,Quảng Ngãi,Xã,dakmon,II,,,,
21,Đăk Pék,Quảng Ngãi,Xã,dakpek,I,,,,
22,Đăk Plô,Quảng Ngãi,Xã,dakplo,I,,,,
23,Đăk Pxi,Quảng Ngãi,Xã,dakpxi,I,,,,
24,Đăk Rơ Wa,Quảng Ngãi,Xã,dakrowa,I,,,,
25,Đăk Rve,Quảng Ngãi,Xã,dakrve,II,,,,
26,Đăk Sao,Quảng Ngãi,Xã,daksao,II,,,,
27,Đăk Tô,Quảng Ngãi,Xã,dakto,I,,,,
28,Đăk Tờ Kan,Quảng Ngãi,Xã,daktokan,II,,,,
29,Đăk Ui,Quảng Ngãi,Xã,dakui,II,,,,
30,Đặng Thùy Trâm,Quảng Ngãi,Xã,dangthuytram,II,,,,
31,Đình Cương,Quảng Ngãi,Xã,dinhcuong,II,,,,
32,Đông Sơn,Quảng Ngãi,Xã,dongson,I,,,,
33,Đông Trà Bồng,Quảng Ngãi,Xã,dongtrabong,II,,,,
34,Ia Chim,Quảng Ngãi,Xã,iachim,I,,,,
35,Ia Đal,Quảng Ngãi,Xã,iadal,I,,,,
36,Ia Tơi,Quảng Ngãi,Xã,iatoi,I,,,,
37,Khánh Cường,Quảng Ngãi,Xã,khanhcuong,II,,,,
38,Kon Braih,Quảng Ngãi,Xã,konbraih,I,,,,
39,Kon Đào,Quảng Ngãi,Xã,kondao,II,,,,
40,Kon Plông,Quảng Ngãi,Xã,konplong,I,,,,
41,Lân Phong,Quảng Ngãi,Xã,lanphong,I,,,,
42,Long Phụng,Quảng Ngãi,Xã,longphung,II,,,,
43,Măng Bút,Quảng Ngãi,Xã,mangbut,II,,,,
44,Măng Đen,Quảng Ngãi,Xã,mangden,I,,,,
45,Măng Ri,Quảng Ngãi,Xã,mangri,I,,,,
46,Minh Long,Quảng Ngãi,Xã,minhlong,II,,,,
47,Mỏ Cày,Quảng Ngãi,Xã,mocay,II,,,,
48,Mộ Đức,Quảng Ngãi,Xã,moduc,I,,,,
49,Mô Rai,Quảng Ngãi,Xã,morai,I,,,,
50,Nghĩa Giang,Quảng Ngãi,Xã,nghiagiang,I,,,,
51,Nghĩa Hành,Quảng Ngãi,Xã,nghiahanh,II,,,,
52,Ngọc Linh,Quảng Ngãi,Xã,ngoclinh,I,,,,
53,Ngọk Bay,Quảng Ngãi,Xã,ngokbay,II,,,,
54,Ngọk Réo,Quảng Ngãi,Xã,ngokreo,I,,,,
55,Ngọk Tụ,Quảng Ngãi,Xã,ngoktu,II,,,,
56,Nguyễn Nghiêm,Quảng Ngãi,Xã,nguyennghiem,II,,,,
57,Phước Giang,Quảng Ngãi,Xã,phuocgiang,II,,,,
58,Rờ Kơi,Quảng Ngãi,Xã,rokoi,I,,,,
59,Sa Bình,Quảng Ngãi,Xã,sabinh,I,,,,
60,Sa Loong,Quảng Ngãi,Xã,saloong,I,,,,
61,Sa Thầy,Quảng Ngãi,Xã,sathay,I,,,,
62,Sơn Hà,Quảng Ngãi,Xã,sonha,I,,,,
63,Sơn Hạ,Quảng Ngãi,Xã,sonha,I,,,,
64,Sơn Kỳ,Quảng Ngãi,Xã,sonky,II,,,,
65,Sơn Linh,Quảng Ngãi,Xã,sonlinh,II,,,,
66,Sơn Mai,Quảng Ngãi,Xã,sonmai,II,,,,
67,Sơn Tây,Quảng Ngãi,Xã,sontay,II,,,,
68,Sơn Tây Hạ,Quảng Ngãi,Xã,sontayha,II,,,,
69,Sơn Tây Thượng,Quảng Ngãi,Xã,sontaythuong,II,,,,
70,Sơn Thủy,Quảng Ngãi,Xã,sonthuy,II,,,,
71,Sơn Tịnh,Quảng Ngãi,Xã,sontinh,I,,,,
72,Tây Trà,Quảng Ngãi,Xã,taytra,II,,,,
73,Tây Trà Bồng,Quảng Ngãi,Xã,taytrabong,II,,,,
74,Thanh Bồng,Quảng Ngãi,Xã,thanhbong,II,,,,
75,Thiện Tín,Quảng Ngãi,Xã,thientin,II,,,,
76,Thọ Phong,Quảng Ngãi,Xã,thophong,II,,,,
77,Tịnh Khê,Quảng Ngãi,Xã,tinhkhe,I,,,,
78,Trà Bồng,Quảng Ngãi,Xã,trabong,II,,,,
79,Trà Giang,Quảng Ngãi,Xã,tragiang,II,,,,
80,Trường Giang,Quảng Ngãi,Xã,truonggiang,II,,,,
81,Tu Mơ Rông,Quảng Ngãi,Xã,tumorong,II,,,,
82,Tư Nghĩa,Quảng Ngãi,Xã,tunghia,I,,,,
83,Vạn Tường,Quảng Ngãi,Xã,vantuong,I,,,,
84,Vệ Giang,Quảng Ngãi,Xã,vegiang,II,,,,
85,Xốp,Quảng Ngãi,Xã,xop,I,,,,
86,Ya Ly,Quảng Ngãi,Xã,yaly,I,,,,
87,Cẩm Thành,Quảng Ngãi,Phường,camthanh,I,,,,
88,Đăk Bla,Quảng Ngãi,Phường,dakbla,II,,,,
89,Đăk Cấm,Quảng Ngãi,Phường,dakcam,I,,,,
90,Đức Phổ,Quảng Ngãi,Phường,ducpho,I,,,,
91,Kon Tum,Quảng Ngãi,Phường,kontum,I,,,,
92,Nghĩa Lộ,Quảng Ngãi,Phường,nghialo,I,,,,
93,Sa Huỳnh,Quảng Ngãi,Phường,sahuynh,I,,,,
94,Trà Câu,Quảng Ngãi,Phường,tracau,I,,,,
95,Trương Quang Trọng,Quảng Ngãi,Phường,truongquangtrong,I,,,,
96,Lý Sơn,Quảng Ngãi,Đặc khu,lyson,II,,,,