Tên,Thuộc tỉnh/thành phố,Loại,Slug,Đô Thị Loại,Tham khảo,Loại I,24,Loại II,85,Loại III,15
An Bình,Vĩnh Long,Xã,anbinh,II,,,,,,,
An Định,Vĩnh Long,Xã,andinh,II,,,,,,,
An Hiệp,Vĩnh Long,Xã,anhiep,III,,,,,,,
An Ngãi Trung,Vĩnh Long,Xã,anngaitrung,II,,,,,,,
An Phú Tân,Vĩnh Long,Xã,anphutan,III,,,,,,,
An Qui,Vĩnh Long,Xã,anqui,III,,,,,,,
An Trường,Vĩnh Long,Xã,antruong,II,,,,,,,
Ba Tri,Vĩnh Long,Xã,batri,I,,,,,,,
Bảo Thạnh,Vĩnh Long,Xã,baothanh,III,,,,,,,
Bình Đại,Vĩnh Long,Xã,binhdai,II,,,,,,,
Bình Phú,Vĩnh Long,Xã,binhphu,II,,,,,,,
Bình Phước,Vĩnh Long,Xã,binhphuoc,III,,,,,,,
Cái Ngang,Vĩnh Long,Xã,caingang,II,,,,,,,
Cái Nhum,Vĩnh Long,Xã,cainhum,II,,,,,,,
Càng Long,Vĩnh Long,Xã,canglong,II,,,,,,,
Cầu Kè,Vĩnh Long,Xã,cauke,II,,,,,,,
Cầu Ngang,Vĩnh Long,Xã,caungang,II,,,,,,,
Châu Hòa,Vĩnh Long,Xã,chauhoa,II,,,,,,,
Châu Hưng,Vĩnh Long,Xã,chauhung,II,,,,,,,
Châu Thành,Vĩnh Long,Xã,chauthanh,I,,,,,,,
Chợ Lách,Vĩnh Long,Xã,cholach,II,,,,,,,
Đại An,Vĩnh Long,Xã,daian,II,,,,,,,
Đại Điền,Vĩnh Long,Xã,daidien,II,,,,,,,
Đôn Châu,Vĩnh Long,Xã,donchau,II,,,,,,,
Đông Hải,Vĩnh Long,Xã,donghai,II,,,,,,,
Đồng Khởi,Vĩnh Long,Xã,dongkhoi,II,,,,,,,
Giao Long,Vĩnh Long,Xã,giaolong,II,,,,,,,
Giồng Trôm,Vĩnh Long,Xã,giongtrom,II,,,,,,,
Hàm Giang,Vĩnh Long,Xã,hamgiang,II,,,,,,,
Hiệp Mỹ,Vĩnh Long,Xã,hiepmy,II,,,,,,,
Hiếu Phụng,Vĩnh Long,Xã,hieuphung,III,,,,,,,
Hiếu Thành,Vĩnh Long,Xã,hieuthanh,II,,,,,,,
Hòa Bình,Vĩnh Long,Xã,hoabinh,II,,,,,,,
Hòa Hiệp,Vĩnh Long,Xã,hoahiep,II,,,,,,,
Hòa Minh,Vĩnh Long,Xã,hoaminh,III,,,,,,,
Hùng Hòa,Vĩnh Long,Xã,hunghoa,II,,,,,,,
Hưng Khánh Trung,Vĩnh Long,Xã,hungkhanhtrung,III,,,,,,,
Hưng Mỹ,Vĩnh Long,Xã,hungmy,II,,,,,,,
Hưng Nhượng,Vĩnh Long,Xã,hungnhuong,II,,,,,,,
Hương Mỹ,Vĩnh Long,Xã,huongmy,II,,,,,,,
Long Hiệp,Vĩnh Long,Xã,longhiep,II,,,,,,,
Long Hòa,Vĩnh Long,Xã,longhoa,III,,,,,,,
Long Hồ,Vĩnh Long,Xã,longho,II,,,,,,,
Long Hữu,Vĩnh Long,Xã,longhuu,II,,,,,,,
Long Thành,Vĩnh Long,Xã,longthanh,II,,,,,,,
Long Vĩnh,Vĩnh Long,Xã,longvinh,II,,,,,,,
Lộc Thuận,Vĩnh Long,Xã,locthuan,II,,,,,,,
Lục Sĩ Thành,Vĩnh Long,Xã,lucsithanh,III,,,,,,,
Lương Hòa,Vĩnh Long,Xã,luonghoa,II,,,,,,,
Lương Phú,Vĩnh Long,Xã,luongphu,II,,,,,,,
Lưu Nghiệp Anh,Vĩnh Long,Xã,luunghiepanh,II,,,,,,,
Mỏ Cày,Vĩnh Long,Xã,mocay,II,,,,,,,
Mỹ Chánh Hòa,Vĩnh Long,Xã,mychanhhoa,II,,,,,,,
Mỹ Long,Vĩnh Long,Xã,mylong,II,,,,,,,
Mỹ Thuận,Vĩnh Long,Xã,mythuan,III,,,,,,,
Ngãi Tứ,Vĩnh Long,Xã,ngaitu,I,,,,,,,
Ngũ Lạc,Vĩnh Long,Xã,ngulac,II,,,,,,,
Nhị Long,Vĩnh Long,Xã,nhilong,II,,,,,,,
Nhị Trường,Vĩnh Long,Xã,nhitruong,II,,,,,,,
Nhơn Phú,Vĩnh Long,Xã,nhonphu,II,,,,,,,
Nhuận Phú Tân,Vĩnh Long,Xã,nhuanphutan,II,,,,,,,
Phong Thạnh,Vĩnh Long,Xã,phongthanh,II,,,,,,,
Phú Phụng,Vĩnh Long,Xã,phuphung,II,,,,,,,
Phú Quới,Vĩnh Long,Xã,phuquoi,II,,,,,,,
Phú Thuận,Vĩnh Long,Xã,phuthuan,III,,,,,,,
Phú Túc,Vĩnh Long,Xã,phutuc,I,,,,,,,
Phước Long,Vĩnh Long,Xã,phuoclong,III,,,,,,,
Phước Mỹ Trung,Vĩnh Long,Xã,phuocmytrung,II,,,,,,,
Quới An,Vĩnh Long,Xã,quoian,II,,,,,,,
Quới Điền,Vĩnh Long,Xã,quoidien,II,,,,,,,
Quới Thiện,Vĩnh Long,Xã,quoithien,II,,,,,,,
Song Lộc,Vĩnh Long,Xã,songloc,II,,,,,,,
Song Phú,Vĩnh Long,Xã,songphu,I,,,,,,,
Tam Bình,Vĩnh Long,Xã,tambinh,II,,,,,,,
Tam Ngãi,Vĩnh Long,Xã,tamngai,II,,,,,,,
Tân An,Vĩnh Long,Xã,tanan,II,,,,,,,
Tân Hào,Vĩnh Long,Xã,tanhao,II,,,,,,,
Tân Hòa,Vĩnh Long,Xã,tanhoa,II,,,,,,,
Tân Long Hội,Vĩnh Long,Xã,tanlonghoi,III,,,,,,,
Tân Lược,Vĩnh Long,Xã,tanluoc,II,,,,,,,
Tân Phú,Vĩnh Long,Xã,tanphu,II,,,,,,,
Tân Quới,Vĩnh Long,Xã,tanquoi,II,,,,,,,
Tân Thành Bình,Vĩnh Long,Xã,tanthanhbinh,II,,,,,,,
Tân Thủy,Vĩnh Long,Xã,tanthuy,II,,,,,,,
Tân Xuân,Vĩnh Long,Xã,tanxuan,II,,,,,,,
Tập Ngãi,Vĩnh Long,Xã,tapngai,II,,,,,,,
Tập Sơn,Vĩnh Long,Xã,tapson,II,,,,,,,
Thạnh Hải,Vĩnh Long,Xã,thanhhai,I,,,,,,,
Thạnh Phong,Vĩnh Long,Xã,thanhphong,II,,,,,,,
Thạnh Phú,Vĩnh Long,Xã,thanhphu,II,,,,,,,
Thạnh Phước,Vĩnh Long,Xã,thanhphuoc,II,,,,,,,
Thành Thới,Vĩnh Long,Xã,thanhthoi,II,,,,,,,
Thạnh Trị,Vĩnh Long,Xã,thanhtri,II,,,,,,,
Thới Thuận,Vĩnh Long,Xã,thoithuan,I,,,,,,,
Tiên Thủy,Vĩnh Long,Xã,tienthuy,II,,,,,,,
Tiểu Cần,Vĩnh Long,Xã,tieucan,II,,,,,,,
Trà Côn,Vĩnh Long,Xã,tracon,II,,,,,,,
Trà Cú,Vĩnh Long,Xã,tracu,II,,,,,,,
Trà Ôn,Vĩnh Long,Xã,traon,II,,,,,,,
Trung Hiệp,Vĩnh Long,Xã,trunghiep,II,,,,,,,
Trung Ngãi,Vĩnh Long,Xã,trungngai,III,,,,,,,
Trung Thành,Vĩnh Long,Xã,trungthanh,II,,,,,,,
Vinh Kim,Vĩnh Long,Xã,vinhkim,II,,,,,,,
Vĩnh Thành,Vĩnh Long,Xã,vinhthanh,II,,,,,,,
Vĩnh Xuân,Vĩnh Long,Xã,vinhxuan,II,,,,,,,
An Hội,Vĩnh Long,Phường,anhoi,I,,,,,,,
Bến Tre,Vĩnh Long,Phường,bentre,I,,,,,,,
Bình Minh,Vĩnh Long,Phường,binhminh,I,,,,,,,
Cái Vồn,Vĩnh Long,Phường,caivon,I,,,,,,,
Duyên Hải,Vĩnh Long,Phường,duyenhai,I,,,,,,,
Đông Thành,Vĩnh Long,Phường,dongthanh,I,,,,,,,
Hòa Thuận,Vĩnh Long,Phường,hoathuan,II,,,,,,,
Long Châu,Vĩnh Long,Phường,longchau,I,,,,,,,
Long Đức,Vĩnh Long,Phường,longduc,I,,,,,,,
Nguyệt Hóa,Vĩnh Long,Phường,nguyethoa,I,,,,,,,
Phú Khương,Vĩnh Long,Phường,phukhuong,I,,,,,,,
Phú Tân,Vĩnh Long,Phường,phutan,I,,,,,,,
Phước Hậu,Vĩnh Long,Phường,phuochau,I,,,,,,,
Sơn Đông,Vĩnh Long,Phường,sondong,I,,,,,,,
Tân Hạnh,Vĩnh Long,Phường,tanhanh,II,,,,,,,
Tân Ngãi,Vĩnh Long,Phường,tanngai,I,,,,,,,
Thanh Đức,Vĩnh Long,Phường,thanhduc,I,,,,,,,
Trà Vinh,Vĩnh Long,Phường,travinh,I,,,,,,,
Trường Long Hòa,Vĩnh Long,Phường,truonglonghoa,I,,,,,,,