STT,Tên,Thuộc tỉnh/thành phố,Loại,Slug,Phân loại hành chính,Tham khảo,,Loại I,58
1,An Châu,Nghệ An,Xã,anchau,II,,,Loại II,71
2,Anh Sơn,Nghệ An,Xã,anhson,I,,,Loại III,1
3,Anh Sơn Đông,Nghệ An,Xã,anhsondong,II,,,,130
4,Bạch Hà,Nghệ An,Xã,bachha,II,,,,
5,Bạch Ngọc,Nghệ An,Xã,bachngoc,II,,,,
6,Bắc Lý,Nghệ An,Xã,bacly,II,,,,
7,Bích Hào,Nghệ An,Xã,bichhao,I,,,,
8,Bình Chuẩn,Nghệ An,Xã,binhchuan,II,,,,
9,Bình Minh,Nghệ An,Xã,binhminh,I,,,,
10,Cam Phục,Nghệ An,Xã,camphuc,II,,,,
11,Cát Ngạn,Nghệ An,Xã,catngan,II,,,,
12,Châu Bình,Nghệ An,Xã,chaubinh,II,,,,
13,Châu Hồng,Nghệ An,Xã,chauhong,II,,,,
14,Châu Khê,Nghệ An,Xã,chaukhe,I,,,,
15,Châu Lộc,Nghệ An,Xã,chauloc,II,,,,
16,Châu Tiến,Nghệ An,Xã,chautien,I,,,,
17,Chiêu Lưu,Nghệ An,Xã,chieuluu,II,,,,
18,Con Cuông,Nghệ An,Xã,concuong,I,,,,
19,Diễn Châu,Nghệ An,Xã,dienchau,II,,,,
20,Đại Đồng,Nghệ An,Xã,daidong,I,,,,
21,Đại Huệ,Nghệ An,Xã,daihue,III,,,,
22,Đô Lương,Nghệ An,Xã,doluong,I,,,,
23,Đông Hiếu,Nghệ An,Xã,donghieu,I,,,,
24,Đông Lộc,Nghệ An,Xã,dongloc,II,,,,
25,Đông Thành,Nghệ An,Xã,dongthanh,II,,,,
26,Đức Châu,Nghệ An,Xã,ducchau,II,,,,
27,Giai Lạc,Nghệ An,Xã,giailac,II,,,,
28,Giai Xuân,Nghệ An,Xã,giaixuan,II,,,,
29,Hải Châu,Nghệ An,Xã,haichau,II,,,,
30,Hải Lộc,Nghệ An,Xã,hailoc,II,,,,
31,Hạnh Lâm,Nghệ An,Xã,hanhlam,II,,,,
32,Hoa Quân,Nghệ An,Xã,hoaquan,I,,,,
33,Hợp Minh,Nghệ An,Xã,hopminh,II,,,,
34,Hùng Chân,Nghệ An,Xã,hungchan,II,,,,
35,Hùng Châu,Nghệ An,Xã,hungchau,I,,,,
36,Huồi Tụ,Nghệ An,Xã,huoitu,II,,,,
37,Hưng Nguyên,Nghệ An,Xã,hungnguyen,I,,,,
38,Hưng Nguyên Nam,Nghệ An,Xã,hungnguyennam,II,,,,
39,Hữu Khuông,Nghệ An,Xã,huukhuong,II,,,,
40,Hữu Kiệm,Nghệ An,Xã,huukiem,I,,,,
41,Keng Đu,Nghệ An,Xã,kengdu,II,,,,
42,Kim Bảng,Nghệ An,Xã,kimbang,I,,,,
43,Kim Liên,Nghệ An,Xã,kimlien,I,,,,
44,Lam Thành,Nghệ An,Xã,lamthanh,II,,,,
45,Lượng Minh,Nghệ An,Xã,luongminh,II,,,,
46,Lương Sơn,Nghệ An,Xã,luongson,II,,,,
47,Mậu Thạch,Nghệ An,Xã,mauthach,II,,,,
48,Minh Châu,Nghệ An,Xã,minhchau,II,,,,
49,Minh Hợp,Nghệ An,Xã,minhhop,I,,,,
50,Môn Sơn,Nghệ An,Xã,monson,I,,,,
51,Mường Chọng,Nghệ An,Xã,muongchong,II,,,,
52,Mường Ham,Nghệ An,Xã,muongham,II,,,,
53,Mường Lống,Nghệ An,Xã,muonglong,II,,,,
54,Mường Quàng,Nghệ An,Xã,muongquang,I,,,,
55,Mường Típ,Nghệ An,Xã,muongtip,I,,,,
56,Mường Xén,Nghệ An,Xã,muongxen,I,,,,
57,Mỹ Lý,Nghệ An,Xã,myly,II,,,,
58,Na Loi,Nghệ An,Xã,naloi,II,,,,
59,Na Ngoi,Nghệ An,Xã,nangoi,I,,,,
60,Nam Đàn,Nghệ An,Xã,namdan,II,,,,
61,Nậm Cắn,Nghệ An,Xã,namcan,I,,,,
62,Nga My,Nghệ An,Xã,ngamy,II,,,,
63,Nghi Lộc,Nghệ An,Xã,nghiloc,I,,,,
64,Nghĩa Đàn,Nghệ An,Xã,nghiadan,II,,,,
65,Nghĩa Đồng,Nghệ An,Xã,nghiadong,II,,,,
66,Nghĩa Hành,Nghệ An,Xã,nghiahanh,II,,,,
67,Nghĩa Hưng,Nghệ An,Xã,nghiahung,I,,,,
68,Nghĩa Khánh,Nghệ An,Xã,nghiakhanh,I,,,,
69,Nghĩa Lâm,Nghệ An,Xã,nghialam,I,,,,
70,Nghĩa Lộc,Nghệ An,Xã,nghialoc,II,,,,
71,Nghĩa Mai,Nghệ An,Xã,nghiamai,II,,,,
72,Nghĩa Thọ,Nghệ An,Xã,nghiatho,II,,,,
73,Nhân Hòa,Nghệ An,Xã,nhanhoa,II,,,,
74,Nhôn Mai,Nghệ An,Xã,nhonmai,I,,,,
75,Phúc Lộc,Nghệ An,Xã,phucloc,II,,,,
76,Quan Thành,Nghệ An,Xã,quanthanh,II,,,,
77,Quảng Châu,Nghệ An,Xã,quangchau,II,,,,
78,Quang Đồng,Nghệ An,Xã,quangdong,II,,,,
79,Quế Phong,Nghệ An,Xã,quephong,I,,,,
80,Quỳ Châu,Nghệ An,Xã,quychau,I,,,,
81,Quỳ Hợp,Nghệ An,Xã,quyhop,I,,,,
82,Quỳnh Anh,Nghệ An,Xã,quynhanh,I,,,,
83,Quỳnh Lưu,Nghệ An,Xã,quynhluu,I,,,,
84,Quỳnh Phú,Nghệ An,Xã,quynhphu,I,,,,
85,Quỳnh Sơn,Nghệ An,Xã,quynhson,II,,,,
86,Quỳnh Tam,Nghệ An,Xã,quynhtam,I,,,,
87,Quỳnh Thắng,Nghệ An,Xã,quynhthang,II,,,,
88,Quỳnh Văn,Nghệ An,Xã,quynhvan,II,,,,
89,Sơn Lâm,Nghệ An,Xã,sonlam,II,,,,
90,Tam Đồng,Nghệ An,Xã,tamdong,II,,,,
91,Tam Hợp,Nghệ An,Xã,tamhop,I,,,,
92,Tam Quang,Nghệ An,Xã,tamquang,I,,,,
93,Tam Thái,Nghệ An,Xã,tamthai,I,,,,
94,Tân An,Nghệ An,Xã,tanan,II,,,,
95,Tân Châu,Nghệ An,Xã,tanchau,II,,,,
96,Tân Kỳ,Nghệ An,Xã,tanky,I,,,,
97,Tân Phú,Nghệ An,Xã,tanphu,I,,,,
98,Thành Bình Thọ,Nghệ An,Xã,thanhbinhtho,II,,,,
99,Thần Lĩnh,Nghệ An,Xã,thanlinh,II,,,,
100,Thiên Nhẫn,Nghệ An,Xã,thiennhan,II,,,,
101,Thông Thụ,Nghệ An,Xã,thongthu,I,,,,
102,Thuần Trung,Nghệ An,Xã,thuantrung,II,,,,
103,Tiên Đồng,Nghệ An,Xã,tiendong,II,,,,
104,Tiền Phong,Nghệ An,Xã,tienphong,I,,,,
105,Tri Lễ,Nghệ An,Xã,trile,I,,,,
106,Trung Lộc,Nghệ An,Xã,trungloc,II,,,,
107,Tương Dương,Nghệ An,Xã,tuongduong,I,,,,
108,Vạn An,Nghệ An,Xã,vanan,I,,,,
109,Văn Hiến,Nghệ An,Xã,vanhien,II,,,,
110,Văn Kiều,Nghệ An,Xã,vankieu,II,,,,
111,Vân Du,Nghệ An,Xã,vandu,II,,,,
112,Vân Tụ,Nghệ An,Xã,vantu,II,,,,
113,Vĩnh Tường,Nghệ An,Xã,vinhtuong,II,,,,
114,Xuân Lâm,Nghệ An,Xã,xuanlam,I,,,,
115,Yên Hòa,Nghệ An,Xã,yenhoa,II,,,,
116,Yên Na,Nghệ An,Xã,yenna,II,,,,
117,Yên Thành,Nghệ An,Xã,yenthanh,I,,,,
118,Yên Trung,Nghệ An,Xã,yentrung,II,,,,
119,Yên Xuân,Nghệ An,Xã,yenxuan,I,,,,
120,Cửa Lò,Nghệ An,Phường,cualo,I,,,,
121,Hoàng Mai,Nghệ An,Phường,hoangmai,I,,,,
122,Quỳnh Mai,Nghệ An,Phường,quynhmai,I,,,,
123,Tân Mai,Nghệ An,Phường,tanmai,I,,,,
124,Tây Hiếu,Nghệ An,Phường,tayhieu,I,,,,
125,Thái Hòa,Nghệ An,Phường,thaihoa,I,,,,
126,Thành Vinh,Nghệ An,Phường,thanhvinh,I,,,,
127,Trường Vinh,Nghệ An,Phường,truongvinh,I,,,,
128,Vinh Hưng,Nghệ An,Phường,vinhhung,I,,,,
129,Vinh Lộc,Nghệ An,Phường,vinhloc,I,,,,
130,Vinh Phú,Nghệ An,Phường,vinhphu,I,,,,