STT,Tên,Thuộc tỉnh/thành phố,Loại,Slug,Phân loại đơn vị hành chính,Tham khảo 1,tham khảo loại 3,,Loại I,36
1,A Sào,Hưng Yên,Xã,asao,II,,,,Loại II,
2,Ái Quốc,Hưng Yên,Xã,aiquoc,III,,,,Loại III,27
3,Ân Thi,Hưng Yên,Xã,anthi,I,,,,,104
4,Bắc Đông Hưng,Hưng Yên,Xã,bacdonghung,III,,,,,
5,Bắc Đông Quan,Hưng Yên,Xã,bacdongquan,II,,,,,
6,Bắc Thái Ninh,Hưng Yên,Xã,bacthaininh,III,,,,,
7,Bắc Thuỵ Anh,Hưng Yên,Xã,bacthuyanh,III,,,,,
8,Bắc Tiên Hưng,Hưng Yên,Xã,bactienhung,II,,,,,
9,Bình Định,Hưng Yên,Xã,binhdinh,III,,,,,
10,Bình Nguyên,Hưng Yên,Xã,binhnguyen,III,,,,,
11,Bình Thanh,Hưng Yên,Xã,binhthanh,III,,,,,
12,Châu Ninh,Hưng Yên,Xã,chauninh,II,,,,,
13,Chí Minh,Hưng Yên,Xã,chiminh,II,,,,,
14,Diên Hà,Hưng Yên,Xã,dienha,II,,,,,
15,Đại Đồng,Hưng Yên,Xã,daidong,I,,,,,
16,Đoàn Đào,Hưng Yên,Xã,doandao,III,,,,,
17,Đồng Bằng,Hưng Yên,Xã,dongbang,II,,,,,
18,Đồng Châu,Hưng Yên,Xã,dongchau,II,,,,,
19,Đông Hưng,Hưng Yên,Xã,donghung,II,,,,,
20,Đông Quan,Hưng Yên,Xã,dongquan,II,,,,,
21,Đông Thái Ninh,Hưng Yên,Xã,dongthaininh,II,,,,,
22,Đông Thuỵ Anh,Hưng Yên,Xã,dongthuyanh,I,,,,,
23,Đông Tiền Hải,Hưng Yên,Xã,dongtienhai,I,,,,,
24,Đông Tiên Hưng,Hưng Yên,Xã,dongtienhung,II,,,,,
25,Đức Hợp,Hưng Yên,Xã,duchop,II,,,,,
26,Hiệp Cường,Hưng Yên,Xã,hiepcuong,I,,,,,
27,Hoàn Long,Hưng Yên,Xã,hoanlong,I,,,,,
28,Hoàng Hoa Thám,Hưng Yên,Xã,hoanghoatham,I,,,,,
29,Hồng Minh,Hưng Yên,Xã,hongminh,III,,,,,
30,Hồng Quang,Hưng Yên,Xã,hongquang,II,,,,,
31,Hồng Vũ,Hưng Yên,Xã,hongvu,III,,,,,
32,Hưng Hà,Hưng Yên,Xã,hungha,I,,,,,
33,Hưng Phú,Hưng Yên,Xã,hungphu,I,,,,,
34,Khoái Châu,Hưng Yên,Xã,khoaichau,I,,,,,
35,Kiến Xương,Hưng Yên,Xã,kienxuong,I,,,,,
36,Lạc Đạo,Hưng Yên,Xã,lacdao,I,,,,,
37,Lê Lợi,Hưng Yên,Xã,leloi,III,,,,,
38,Lê Quý Đôn,Hưng Yên,Xã,lequydon,III,,,,,
39,Long Hưng,Hưng Yên,Xã,longhung,I,,,,,
40,Lương Bằng,Hưng Yên,Xã,luongbang,I,,,,,
41,Mễ Sở,Hưng Yên,Xã,meso,II,,,,,
42,Minh Thọ,Hưng Yên,Xã,minhtho,III,,,,,
43,Nam Cường,Hưng Yên,Xã,namcuong,I,,,,,
44,Nam Đông Hưng,Hưng Yên,Xã,namdonghung,II,,,,,
45,Nam Thái Ninh,Hưng Yên,Xã,namthaininh,III,,,,,
46,Nam Thuỵ Anh,Hưng Yên,Xã,namthuyanh,III,,,,,
47,Nam Tiền Hải,Hưng Yên,Xã,namtienhai,II,,,,,
48,Nam Tiên Hưng,Hưng Yên,Xã,namtienhung,II,,,,,
49,Nghĩa Dân,Hưng Yên,Xã,nghiadan,II,,,,,
50,Nghĩa Trụ,Hưng Yên,Xã,nghiatru,I,,,,,
51,Ngọc Lâm,Hưng Yên,Xã,ngoclam,III,,,,,
52,Nguyễn Du,Hưng Yên,Xã,nguyendu,III,,,,,
53,Nguyễn Trãi,Hưng Yên,Xã,nguyentrai,II,,,,,
54,Nguyễn Văn Linh,Hưng Yên,Xã,nguyenvanlinh,I,,,,,
55,Ngự Thiên,Hưng Yên,Xã,nguthien,II,,,,,
56,Như Quỳnh,Hưng Yên,Xã,nhuquynh,I,,,,,
57,Phạm Ngũ Lão,Hưng Yên,Xã,phamngulao,II,,,,,
58,Phụ Dực,Hưng Yên,Xã,phuduc,I,,,,,
59,Phụng Công,Hưng Yên,Xã,phungcong,II,,,,,
60,Quang Hưng,Hưng Yên,Xã,quanghung,II,,,,,
61,Quang Lịch,Hưng Yên,Xã,quanglich,III,,,,,
62,Quỳnh An,Hưng Yên,Xã,quynhan,II,,,,,
63,Quỳnh Phụ,Hưng Yên,Xã,quynhphu,I,,,,,
64,Tân Hưng,Hưng Yên,Xã,tanhung,II,,,,,
65,Tân Thuận,Hưng Yên,Xã,tanthuan,III,,,,,
66,Tân Tiến,Hưng Yên,Xã,tantien,III,,,,,
67,Tây Thái Ninh,Hưng Yên,Xã,taythaininh,III,,,,,
68,Tây Thụy Anh,Hưng Yên,Xã,taythuyanh,III,,,,,
69,Tây Tiền Hải,Hưng Yên,Xã,taytienhai,III,,,,,
70,Thái Ninh,Hưng Yên,Xã,thaininh,II,,,,,
71,Thái Thuỵ,Hưng Yên,Xã,thaithuy,I,,,,,
72,Thần Khê,Hưng Yên,Xã,thankhe,II,,,,,
73,Thụy Anh,Hưng Yên,Xã,thuyanh,III,,,,,
74,Thư Trì,Hưng Yên,Xã,thutri,III,,,,,
75,Thư Vũ,Hưng Yên,Xã,thuvu,II,,,,,
76,Tiền Hải,Hưng Yên,Xã,tienhai,I,,,,,
77,Tiên Hoa,Hưng Yên,Xã,tienhoa,III,,,,,
78,Tiên Hưng,Hưng Yên,Xã,tienhung,II,,,,,
79,Tiên La,Hưng Yên,Xã,tienla,II,,,,,
80,Tiên Lữ,Hưng Yên,Xã,tienlu,II,,,,,
81,Tiên Tiến,Hưng Yên,Xã,tientien,II,,,,,
82,Tống Trân,Hưng Yên,Xã,tongtran,II,,,,,
83,Trà Giang,Hưng Yên,Xã,tragiang,III,,,,,
84,Triệu Việt Vương,Hưng Yên,Xã,trieuvietvuong,I,,,,,
85,Vạn Xuân,Hưng Yên,Xã,vanxuan,II,,,,,
86,Văn Giang,Hưng Yên,Xã,vangiang,I,,,,,
87,Việt Tiến,Hưng Yên,Xã,viettien,I,,,,,
88,Việt Yên,Hưng Yên,Xã,vietyen,I,,,,,
89,Vũ Quý,Hưng Yên,Xã,vuquy,II,,,,,
90,Vũ Thư,Hưng Yên,Xã,vuthu,II,,,,,
91,Vũ Tiên,Hưng Yên,Xã,vutien,II,,,,,
92,Xuân Trúc,Hưng Yên,Xã,xuantruc,II,,,,,
93,Yên Mỹ,Hưng Yên,Xã,yenmy,I,,,,,
94,Đường Hào,Hưng Yên,Phường,duonghao,I,,,,,
95,Hồng Châu,Hưng Yên,Phường,hongchau,II,,,,,
96,Mỹ Hào,Hưng Yên,Phường,myhao,I,,,,,
97,Phố Hiến,Hưng Yên,Phường,phohien,I,,,,,
98,Sơn Nam,Hưng Yên,Phường,sonnam,I,,,,,
99,Thái Bình,Hưng Yên,Phường,thaibinh,I,,,,,
100,Thượng Hồng,Hưng Yên,Phường,thuonghong,I,,,,,
101,Trà Lý,Hưng Yên,Phường,traly,I,,,,,
102,Trần Hưng Đạo,Hưng Yên,Phường,tranhungdao,II,,,,,
103,Trần Lãm,Hưng Yên,Phường,tranlam,I,,,,,
104,Vũ Phúc,Hưng Yên,Phường,vuphuc,I,,,,,