Tên,Thuộc tỉnh/thành phố,Loại,Slug,Đô Thị Loại,Tham khảo,Loại I,41
A Dơi,Quảng Trị,Xã,adoi,II,,Loại II,35
Ái Tử,Quảng Trị,Xã,aitu,II,,Loại III,1
Ba Lòng,Quảng Trị,Xã,balong,II,,,
Bắc Trạch,Quảng Trị,Xã,bactrach,I,,,
Bến Hải,Quảng Trị,Xã,benhai,II,,,
Bến Quan,Quảng Trị,Xã,benquan,I,,,
Bố Trạch,Quảng Trị,Xã,botrach,I,,,
Cam Hồng,Quảng Trị,Xã,camhong,II,,,
Cam Lộ,Quảng Trị,Xã,camlo,I,,,
Cồn Tiên,Quảng Trị,Xã,contien,I,,,
Cửa Tùng,Quảng Trị,Xã,cuatung,II,,,
Cửa Việt,Quảng Trị,Xã,cuaviet,II,,,
Dân Hóa,Quảng Trị,Xã,danhoa,I,,,
Diên Sanh,Quảng Trị,Xã,diensanh,II,,,
Đakrông,Quảng Trị,Xã,dakrong,I,,,
Đồng Lê,Quảng Trị,Xã,dongle,I,,,
Đông Trạch,Quảng Trị,Xã,dongtrach,II,,,
Gio Linh,Quảng Trị,Xã,giolinh,I,,,
Hải Lăng,Quảng Trị,Xã,hailang,II,,,
Hiếu Giang,Quảng Trị,Xã,hieugiang,I,,,
Hòa Trạch,Quảng Trị,Xã,hoatrach,II,,,
Hoàn Lão,Quảng Trị,Xã,hoanlao,I,,,
Hướng Hiệp,Quảng Trị,Xã,huonghiep,I,,,
Hướng Lập,Quảng Trị,Xã,huonglap,I,,,
Hướng Phùng,Quảng Trị,Xã,huongphung,I,,,
Khe Sanh,Quảng Trị,Xã,khesanh,I,,,
Kim Điền,Quảng Trị,Xã,kimdien,I,,,
Kim Ngân,Quảng Trị,Xã,kimngan,I,,,
Kim Phú,Quảng Trị,Xã,kimphu,I,,,
La Lay,Quảng Trị,Xã,lalay,II,,,
Lao Bảo,Quảng Trị,Xã,laobao,I,,,
Lệ Ninh,Quảng Trị,Xã,leninh,II,,,
Lệ Thủy,Quảng Trị,Xã,lethuy,I,,,
Lìa,Quảng Trị,Xã,lia,II,,,
Minh Hóa,Quảng Trị,Xã,minhhoa,I,,,
Mỹ Thủy,Quảng Trị,Xã,mythuy,II,,,
Nam Ba Đồn,Quảng Trị,Xã,nambadon,II,,,
Nam Cửa Việt,Quảng Trị,Xã,namcuaviet,II,,,
Nam Gianh,Quảng Trị,Xã,namgianh,I,,,
Nam Hải Lăng,Quảng Trị,Xã,namhailang,II,,,
Nam Trạch,Quảng Trị,Xã,namtrach,I,,,
Ninh Châu,Quảng Trị,Xã,ninhchau,I,,,
Phong Nha,Quảng Trị,Xã,phongnha,I,,,
Phú Trạch,Quảng Trị,Xã,phutrach,I,,,
Quảng Ninh,Quảng Trị,Xã,quangninh,I,,,
Quảng Trạch,Quảng Trị,Xã,quangtrach,II,,,
Sen Ngư,Quảng Trị,Xã,senngu,I,,,
Tà Rụt,Quảng Trị,Xã,tarut,II,,,
Tân Gianh,Quảng Trị,Xã,tangianh,II,,,
Tân Lập,Quảng Trị,Xã,tanlap,II,,,
Tân Mỹ,Quảng Trị,Xã,tanmy,II,,,
Tân Thành,Quảng Trị,Xã,tanthanh,II,,,
Thượng Trạch,Quảng Trị,Xã,thuongtrach,I,,,
Triệu Bình,Quảng Trị,Xã,trieubinh,II,,,
Triệu Cơ,Quảng Trị,Xã,trieuco,II,,,
Triệu Phong,Quảng Trị,Xã,trieuphong,II,,,
Trung Thuần,Quảng Trị,Xã,trungthuan,II,,,
Trường Ninh,Quảng Trị,Xã,truongninh,I,,,
Trường Phú,Quảng Trị,Xã,truongphu,II,,,
Trường Sơn,Quảng Trị,Xã,truongson,I,,,
Tuyên Bình,Quảng Trị,Xã,tuyenbinh,II,,,
Tuyên Hóa,Quảng Trị,Xã,tuyenhoa,I,,,
Tuyên Lâm,Quảng Trị,Xã,tuyenlam,I,,,
Tuyên Phú,Quảng Trị,Xã,tuyenphu,II,,,
Tuyên Sơn,Quảng Trị,Xã,tuyenson,II,,,
Vĩnh Định,Quảng Trị,Xã,vinhdinh,II,,,
Vĩnh Hoàng,Quảng Trị,Xã,vinhhoang,II,,,
Vĩnh Linh,Quảng Trị,Xã,vinhlinh,I,,,
Vĩnh Thủy,Quảng Trị,Xã,vinhthuy,II,,,
Ba Đồn,Quảng Trị,Phường,badon,I,,,
Bắc Gianh,Quảng Trị,Phường,bacgianh,I,,,
Đông Hà,Quảng Trị,Phường,dongha,I,,,
Đồng Hới,Quảng Trị,Phường,donghoi,Loại đặc biệt,"không có tên trong danh sách > đã liên hệ cán bộ trưởng phòng Mai Thị Thiên Lý Trưởng phòng VH-XH 0945946299: Phường Đồng Hới là Phường đặc biệt, chưa có quyết định chính thức nào về phân loại đô thị",,
Đồng Sơn,Quảng Trị,Phường,dongson,I,,,
Đồng Thuận,Quảng Trị,Phường,dongthuan,I,,,
Nam Đông Hà,Quảng Trị,Phường,namdongha,I,,,
Quảng Trị,Quảng Trị,Phường,quangtri,I,,,
Cồn Cỏ,Quảng Trị,Đặc khu,conco,III,,,