Tên,Thuộc tỉnh/thành phố,Loại,Slug,Đô Thị Loại,Tham khảo,Loại I,37
An Lục Long,Tây Ninh,Xã,anluclong,III,,Loại II,55
An Ninh,Tây Ninh,Xã,anninh,II,,Loại III,4
Bến Cầu,Tây Ninh,Xã,bencau,I,,,
Bến Lức,Tây Ninh,Xã,benluc,I,,,
Bình Đức,Tây Ninh,Xã,binhduc,II,,,
Bình Hiệp,Tây Ninh,Xã,binhhiep,I,,,
Bình Hòa,Tây Ninh,Xã,binhhoa,II,,,
Bình Thành,Tây Ninh,Xã,binhthanh,II,,,
Cần Đước,Tây Ninh,Xã,canduoc,I,,,
Cần Giuộc,Tây Ninh,Xã,cangiuoc,I,,,
Cầu Khởi,Tây Ninh,Xã,caukhoi,II,,,
Châu Thành,Tây Ninh,Xã,chauthanh,I,,,
Dương Minh Châu,Tây Ninh,Xã,duongminhchau,I,,,
Đông Thành,Tây Ninh,Xã,dongthanh,I,,,
Đức Hòa,Tây Ninh,Xã,duchoa,I,,,
Đức Huệ,Tây Ninh,Xã,duchue,II,,,
Đức Lập,Tây Ninh,Xã,duclap,II,,,
Hảo Đước,Tây Ninh,Xã,haoduoc,II,,,
Hậu Nghĩa,Tây Ninh,Xã,haunghia,I,,,
Hậu Thạnh,Tây Ninh,Xã,hauthanh,II,,,
Hiệp Hòa,Tây Ninh,Xã,hiephoa,II,,,
Hòa Hội,Tây Ninh,Xã,hoahoi,II,,,
Hòa Khánh,Tây Ninh,Xã,hoakhanh,II,,,
Hưng Điền,Tây Ninh,Xã,hungdien,II,,,
Hưng Thuận,Tây Ninh,Xã,hungthuan,II,,,
Khánh Hưng,Tây Ninh,Xã,khanhhung,I,,,
Long Cang,Tây Ninh,Xã,longcang,II,,,
Long Chữ,Tây Ninh,Xã,longchu,II,,,
Long Hựu,Tây Ninh,Xã,longhuu,III,,,
Long Thuận,Tây Ninh,Xã,longthuan,II,,,
Lộc Ninh,Tây Ninh,Xã,locninh,II,,,
Lương Hòa,Tây Ninh,Xã,luonghoa,II,,,
Mộc Hóa,Tây Ninh,Xã,mochoa,II,,,
Mỹ An,Tây Ninh,Xã,myan,III,,,
Mỹ Hạnh,Tây Ninh,Xã,myhanh,I,,,
Mỹ Lệ,Tây Ninh,Xã,myle,II,,,
Mỹ Lộc,Tây Ninh,Xã,myloc,II,,,
Mỹ Quý,Tây Ninh,Xã,myquy,I,,,
Mỹ Thạnh,Tây Ninh,Xã,mythanh,II,,,
Mỹ Yên,Tây Ninh,Xã,myyen,I,,,
Nhơn Hòa Lập,Tây Ninh,Xã,nhonhoalap,II,,,
Nhơn Ninh,Tây Ninh,Xã,nhonninh,II,,,
Nhựt Tảo,Tây Ninh,Xã,nhuttao,II,,,
Ninh Điền,Tây Ninh,Xã,ninhdien,I,,,
Phước Chỉ,Tây Ninh,Xã,phuocchi,II,,,
Phước Lý,Tây Ninh,Xã,phuocly,I,,,
Phước Thạnh,Tây Ninh,Xã,phuocthanh,II,,,
Phước Vinh,Tây Ninh,Xã,phuocvinh,I,,,
Phước Vĩnh Tây,Tây Ninh,Xã,phuocvinhtay,II,,,
Rạch Kiến,Tây Ninh,Xã,rachkien,II,,,
Tầm Vu,Tây Ninh,Xã,tamvu,II,,,
Tân Biên,Tây Ninh,Xã,tanbien,I,,,
Tân Châu,Tây Ninh,Xã,tanchau,II,,,
Tân Đông,Tây Ninh,Xã,tandong,I,,,
Tân Hòa,Tây Ninh,Xã,tanhoa,I,,,
Tân Hội,Tây Ninh,Xã,tanhoi,II,,,
Tân Hưng,Tây Ninh,Xã,tanhung,II,,,
Tân Lân,Tây Ninh,Xã,tanlan,II,,,
Tân Lập,Tây Ninh,Xã,tanlap,I,,,
Tân Long,Tây Ninh,Xã,tanlong,II,,,
Tân Phú,Tây Ninh,Xã,tanphu,I,,,
Tân Tập,Tây Ninh,Xã,tantap,I,,,
Tân Tây,Tây Ninh,Xã,tantay,II,,,
Tân Thành,Tây Ninh,Xã,tanthanh,I,,,
Tân Thạnh,Tây Ninh,Xã,tanthanh,II,,,
Tân Trụ,Tây Ninh,Xã,tantru,II,,,
Thạnh Bình,Tây Ninh,Xã,thanhbinh,I,,,
Thạnh Đức,Tây Ninh,Xã,thanhduc,I,,,
Thạnh Hóa,Tây Ninh,Xã,thanhhoa,II,,,
Thạnh Lợi,Tây Ninh,Xã,thanhloi,II,,,
Thạnh Phước,Tây Ninh,Xã,thanhphuoc,II,,,
Thủ Thừa,Tây Ninh,Xã,thuthua,II,,,
Thuận Mỹ,Tây Ninh,Xã,thuanmy,II,,,
Trà Vong,Tây Ninh,Xã,travong,II,,,
Truông Mít,Tây Ninh,Xã,truongmit,II,,,
Tuyên Bình,Tây Ninh,Xã,tuyenbinh,II,,,
Tuyên Thạnh,Tây Ninh,Xã,tuyenthanh,II,,,
Vàm Cỏ,Tây Ninh,Xã,vamco,II,,,
Vĩnh Châu,Tây Ninh,Xã,vinhchau,II,,,
Vĩnh Công,Tây Ninh,Xã,vinhcong,III,,,
Vĩnh Hưng,Tây Ninh,Xã,vinhhung,II,,,
Vĩnh Thạnh,Tây Ninh,Xã,vinhthanh,II,,,
An Tịnh,Tây Ninh,Phường,antinh,I,,,
Bình Minh,Tây Ninh,Phường,binhminh,I,,,
Gia Lộc,Tây Ninh,Phường,gialoc,I,,,
Gò Dầu,Tây Ninh,Phường,godau,I,,,
Hòa Thành,Tây Ninh,Phường,hoathanh,II,,,
Khánh Hậu,Tây Ninh,Phường,khanhhau,II,,,
Kiến Tường,Tây Ninh,Phường,kientuong,II,,,
Long An,Tây Ninh,Phường,longan,I,,,
Long Hoa,Tây Ninh,Phường,longhoa,I,,,
Ninh Thạnh,Tây Ninh,Phường,ninhthanh,I,,,
Tân An,Tây Ninh,Phường,tanan,I,,,
Tân Ninh,Tây Ninh,Phường,tanninh,I,,,
Thanh Điền,Tây Ninh,Phường,thanhdien,I,,,
Trảng Bàng,Tây Ninh,Phường,trangbang,I,,,