Tên,Thuộc tỉnh/thành phố,Loại,Slug,Đô thị loại,1026-QĐ công nhận tỉnh Quảng Ninh đạt tiêu chí đô thị loại I.pdf,Tham khảo,mới tìm thấy văn bản công bố từng này ,Tham khảo
Ba Chẽ,Quảng Ninh,Xã,bache,I,,Loại I,54,
Bình Liêu,Quảng Ninh,Xã,binhlieu,I,,Loại II,0,
Cái Chiên,Quảng Ninh,Xã,caichien,I,,Loại III,0,
Đầm Hà,Quảng Ninh,Xã,damha,I,,,,
Điền Xá,Quảng Ninh,Xã,dienxa,I,,,,
Đông Ngũ,Quảng Ninh,Xã,dongngu,I,,,,
Đường Hoa,Quảng Ninh,Xã,duonghoa,I,,,,
Hải Hòa,Quảng Ninh,Xã,haihoa,I,,,,
https://www.quangninh.gov.vn/So/soxaydung/Lists/TinTuc/Attachments/5442/1026-Q%C4%90%20c%C3%B4ng%20nh%E1%BA%ADn%20t%E1%BB%89nh%20Qu%E1%BA%A3ng%20Ninh%20%C4%91%E1%BA%A1t%20ti%C3%AAu%20ch%C3%AD%20%C4%91%C3%B4%20th%E1%BB%8B%20lo%E1%BA%A1i%20I.pdf,Quảng Ninh,Xã,hailang,I,,,,
Hải Ninh,Quảng Ninh,Xã,haininh,I,,,,
Hải Sơn,Quảng Ninh,Xã,haison,I,,,,
Hoành Mô,Quảng Ninh,Xã,hoanhmo,I,,,,
Kỳ Thượng,Quảng Ninh,Xã,kythuong,I,,,,
Lục Hồn,Quảng Ninh,Xã,luchon,I,,,,
Lương Minh,Quảng Ninh,Xã,luongminh,I,,,,
Quảng Đức,Quảng Ninh,Xã,quangduc,I,,,,
Quảng Hà,Quảng Ninh,Xã,quangha,I,,,,
Quảng La,Quảng Ninh,Xã,quangla,I,,,,
Quảng Tân,Quảng Ninh,Xã,quangtan,I,,,,
Thống Nhất,Quảng Ninh,Xã,thongnhat,I,,,,
Tiên Yên,Quảng Ninh,Xã,tienyen,I,,,,
Vĩnh Thực,Quảng Ninh,Xã,vinhthuc,I,,,,
An Sinh,Quảng Ninh,Phường,ansinh,I,,,,
Bãi Cháy,Quảng Ninh,Phường,baichay,I,,,,
Bình Khê,Quảng Ninh,Phường,binhkhe,I,,,,
Cao Xanh,Quảng Ninh,Phường,caoxanh,I,,,,
Cẩm Phả,Quảng Ninh,Phường,campha,I,,,,
Cửa Ông,Quảng Ninh,Phường,cuaong,I,,,,
Đông Mai,Quảng Ninh,Phường,dongmai,I,,,,
Đông Triều,Quảng Ninh,Phường,dongtrieu,I,,,,
Hà An,Quảng Ninh,Phường,haan,I,,,,
Hà Lầm,Quảng Ninh,Phường,halam,I,,,,
Hạ Long,Quảng Ninh,Phường,halong,I,,,,
Hà Tu,Quảng Ninh,Phường,hatu,I,,,,
Hiệp Hòa,Quảng Ninh,Phường,hiephoa,I,,,,
Hoàng Quế,Quảng Ninh,Phường,hoangque,I,,,,
Hoành Bồ,Quảng Ninh,Phường,hoanhbo,I,,,,
Hồng Gai,Quảng Ninh,Phường,honggai,I,,,,
Liên Hòa,Quảng Ninh,Phường,lienhoa,I,,,,
Mạo Khê,Quảng Ninh,Phường,maokhe,I,,,,
Móng Cái 1,Quảng Ninh,Phường,mongcai1,I,,,,
Móng Cái 2,Quảng Ninh,Phường,mongcai2,I,,,,
Móng Cái 3,Quảng Ninh,Phường,mongcai3,I,,,,
Mông Dương,Quảng Ninh,Phường,mongduong,I,,,,
Phong Cốc,Quảng Ninh,Phường,phongcoc,I,,,,
Quang Hanh,Quảng Ninh,Phường,quanghanh,I,,,,
Quảng Yên,Quảng Ninh,Phường,quangyen,I,,,,
Tuần Châu,Quảng Ninh,Phường,tuanchau,I,,,,
Uông Bí,Quảng Ninh,Phường,uongbi,I,,,,
Vàng Danh,Quảng Ninh,Phường,vangdanh,I,,,,
Việt Hưng,Quảng Ninh,Phường,viethung,I,,,,
Yên Tử,Quảng Ninh,Phường,yentu,I,,,,
Cô Tô,Quảng Ninh,Đặc khu,coto,I,trong sheet ban đầu không có,,,
Vân Đồn,Quảng Ninh,Đặc khu,vandon,I,trong sheet ban đầu không có,Thể hiện bằng thông tin của Cái Rồng - trung tâm của đặc khu Vân Đồn),,