Tên,Thuộc tỉnh/thành phố,Loại,Slug,Đô Thị Loại,Tham khảo,Loại I,27
Bắc Yên,Sơn La,Xã,bacyen,I,,Loại II,42
Bình Thuận,Sơn La,Xã,binhthuan,II,,Loại III,6
Bó Sinh,Sơn La,Xã,bosinh,II,,,
Chiềng Hặc,Sơn La,Xã,chienghac,II,,,
Chiềng Hoa,Sơn La,Xã,chienghoa,II,,,
Chiềng Khoong,Sơn La,Xã,chiengkhoong,I,,,
Chiềng Khương,Sơn La,Xã,chiengkhuong,II,,,
Chiềng La,Sơn La,Xã,chiengla,II,,,
Chiềng Lao,Sơn La,Xã,chienglao,I,,,
Chiềng Mai,Sơn La,Xã,chiengmai,I,,,
Chiềng Mung,Sơn La,Xã,chiengmung,I,,,
Chiềng Sại,Sơn La,Xã,chiengsai,III,,,
Chiềng Sơ,Sơn La,Xã,chiengso,II,,,
Chiềng Sơn,Sơn La,Xã,chiengson,II,,,
Chiềng Sung,Sơn La,Xã,chiengsung,II,,,
Co Mạ,Sơn La,Xã,coma,II,,,
Đoàn Kết,Sơn La,Xã,doanket,II,,,
Gia Phù,Sơn La,Xã,giaphu,II,,,
Huổi Một,Sơn La,Xã,huoimot,II,,,
Kim Bon,Sơn La,Xã,kimbon,III,,,
Long Hẹ,Sơn La,Xã,longhe,II,,,
Lóng Phiêng,Sơn La,Xã,longphieng,II,,,
Lóng Sập,Sơn La,Xã,longsap,II,,,
Mai Sơn,Sơn La,Xã,maison,I,,,
Muổi Nọi,Sơn La,Xã,muoinoi,II,,,
Mường Bám,Sơn La,Xã,muongbam,III,,,
Mường Bang,Sơn La,Xã,muongbang,II,,,
Mường Bú,Sơn La,Xã,muongbu,I,,,
Mường Chanh,Sơn La,Xã,muongchanh,III,,,
Mường Chiên,Sơn La,Xã,muongchien,II,,,
Mường Cơi,Sơn La,Xã,muongcoi,II,,,
Mường É,Sơn La,Xã,muonge,II,,,
Mường Giôn,Sơn La,Xã,muonggion,II,,,
Mường Hung,Sơn La,Xã,muonghung,I,,,
Mường Khiêng,Sơn La,Xã,muongkhieng,I,,,
Mường La,Sơn La,Xã,muongla,I,,,
Mường Lạn,Sơn La,Xã,muonglan,II,,,
Mường Lầm,Sơn La,Xã,muonglam,II,,,
Mường Lèo,Sơn La,Xã,muongleo,II,,,
Mường Sại,Sơn La,Xã,muongsai,III,,,
Nậm Lầu,Sơn La,Xã,namlau,II,,,
Nậm Ty,Sơn La,Xã,namty,II,,,
Ngọc Chiến,Sơn La,Xã,ngocchien,II,,,
Pắc Ngà,Sơn La,Xã,pacnga,III,,,
Phiêng Cằm,Sơn La,Xã,phiengcam,II,,,
Phiêng Khoài,Sơn La,Xã,phiengkhoai,II,,,
Phiêng Pằn,Sơn La,Xã,phiengpan,I,,,
Phù Yên,Sơn La,Xã,phuyen,I,,,
Púng Bánh,Sơn La,Xã,pungbanh,I,,,
Quỳnh Nhai,Sơn La,Xã,quynhnhai,I,,,
Song Khủa,Sơn La,Xã,songkhua,II,,,
Sông Mã,Sơn La,Xã,songma,I,,,
Sốp Cộp,Sơn La,Xã,sopcop,I,,,
Suối Tọ,Sơn La,Xã,suoito,II,,,
Tà Hộc,Sơn La,Xã,tahoc,II,,,
Tạ Khoa,Sơn La,Xã,takhoa,II,,,
Tà Xùa,Sơn La,Xã,taxua,II,,,
Tân Phong,Sơn La,Xã,tanphong,II,,,
Tân Yên,Sơn La,Xã,tanyen,II,,,
Thuận Châu,Sơn La,Xã,thuanchau,I,,,
Tô Múa,Sơn La,Xã,tomua,II,,,
Tường Hạ,Sơn La,Xã,tuongha,II,,,
Vân Hồ,Sơn La,Xã,vanho,I,,,
Xím Vàng,Sơn La,Xã,ximvang,II,,,
Xuân Nha,Sơn La,Xã,xuannha,II,,,
Yên Châu,Sơn La,Xã,yenchau,I,,,
Yên Sơn,Sơn La,Xã,yenson,II,,,
Chiềng An,Sơn La,Phường,chiengan,I,,,
Chiềng Cơi,Sơn La,Phường,chiengcoi,I,,,
Chiềng Sinh,Sơn La,Phường,chiengsinh,I,,,
Mộc Châu,Sơn La,Phường,mocchau,I,,,
Mộc Sơn,Sơn La,Phường,mocson,I,,,
Thảo Nguyên,Sơn La,Phường,thaonguyen,I,,,
Tô Hiệu,Sơn La,Phường,tohieu,I,,,
Vân Sơn,Sơn La,Phường,vanson,I,,,