STT,Tên,Thuộc tỉnh/thành phố,Loại,Slug,Đô Thị Loại,Tham khảo,,Loại I,10
1,Bạch Đằng,Cao Bằng,Xã,bachdang,II,,,Loại II,46
2,Bảo Lạc,Cao Bằng,Xã,baolac,II,,,Loại III,0
3,Bảo Lâm,Cao Bằng,Xã,baolam,II,,,,56
4,Bế Văn Đàn,Cao Bằng,Xã,bevandan,II,,,,
5,Ca Thành,Cao Bằng,Xã,cathanh,II,,,,
6,Canh Tân,Cao Bằng,Xã,canhtan,II,,,,
7,Cần Yên,Cao Bằng,Xã,canyen,II,,,,
8,Cô Ba,Cao Bằng,Xã,coba,II,,,,
9,Cốc Pàng,Cao Bằng,Xã,cocpang,I,,,,
10,Đàm Thủy,Cao Bằng,Xã,damthuy,II,,,,
11,Đình Phong,Cao Bằng,Xã,dinhphong,II,,,,
12,Đoài Dương,Cao Bằng,Xã,doaiduong,II,,,,
13,Độc Lập,Cao Bằng,Xã,doclap,II,,,,
14,Đông Khê,Cao Bằng,Xã,dongkhe,II,,,,
15,Đức Long,Cao Bằng,Xã,duclong,II,,,,
16,Hạ Lang,Cao Bằng,Xã,halang,II,,,,
17,Hà Quảng,Cao Bằng,Xã,haquang,II,,,,
18,Hạnh Phúc,Cao Bằng,Xã,hanhphuc,II,,,,
19,Hòa An,Cao Bằng,Xã,hoaan,I,,,,
20,Huy Giáp,Cao Bằng,Xã,huygiap,II,,,,
21,Hưng Đạo,Cao Bằng,Xã,hungdao,II,,,,
22,Khánh Xuân,Cao Bằng,Xã,khanhxuan,II,,,,
23,Kim Đồng,Cao Bằng,Xã,kimdong,II,,,,
24,Lũng Nặm,Cao Bằng,Xã,lungnam,II,,,,
25,Lý Bôn,Cao Bằng,Xã,lybon,II,,,,
26,Lý Quốc,Cao Bằng,Xã,lyquoc,II,,,,
27,Minh Khai,Cao Bằng,Xã,minhkhai,II,,,,
28,Minh Tâm,Cao Bằng,Xã,minhtam,II,,,,
29,Nam Quang,Cao Bằng,Xã,namquang,II,,,,
30,Nam Tuấn,Cao Bằng,Xã,namtuan,II,,,,
31,Nguyên Bình,Cao Bằng,Xã,nguyenbinh,II,,,,
32,Nguyễn Huệ,Cao Bằng,Xã,nguyenhue,II,,,,
33,Phan Thanh,Cao Bằng,Xã,phanthanh,II,,,,
34,Phục Hòa,Cao Bằng,Xã,phuchoa,I,,,,
35,Quang Hán,Cao Bằng,Xã,quanghan,II,,,,
36,Quảng Lâm,Cao Bằng,Xã,quanglam,I,,,,
37,Quang Long,Cao Bằng,Xã,quanglong,II,,,,
38,Quang Trung,Cao Bằng,Xã,quangtrung,II,,,,
39,Quảng Uyên,Cao Bằng,Xã,quanguyen,I,,,,
40,Sơn Lộ,Cao Bằng,Xã,sonlo,II,,,,
41,Tam Kim,Cao Bằng,Xã,tamkim,II,,,,
42,Thạch An,Cao Bằng,Xã,thachan,II,,,,
43,Thành Công,Cao Bằng,Xã,thanhcong,II,,,,
44,Thanh Long,Cao Bằng,Xã,thanhlong,II,,,,
45,Thông Nông,Cao Bằng,Xã,thongnong,II,,,,
46,Tĩnh Túc,Cao Bằng,Xã,tinhtuc,II,,,,
47,Tổng Cọt,Cao Bằng,Xã,tongcot,II,,,,
48,Trà Lĩnh,Cao Bằng,Xã,tralinh,II,,,,
49,Trùng Khánh,Cao Bằng,Xã,trungkhanh,I,,,,
50,Trường Hà,Cao Bằng,Xã,truongha,I,,,,
51,Vinh Quý,Cao Bằng,Xã,vinhquy,II,,,,
52,Xuân Trường,Cao Bằng,Xã,xuantruong,II,,,,
53,Yên Thổ,Cao Bằng,Xã,yentho,II,,,,
54,Nùng Trí Cao,Cao Bằng,Phường,nungtricao,I,,,,
55,Tân Giang,Cao Bằng,Phường,tangiang,I,,,,
56,Thục Phán,Cao Bằng,Phường,thucphan,I,,,,