STT,Tên,Thuộc tỉnh/thành phố,Loại,Slug,Đô Thị Loại,Tham khảo,,Loại I,22
1,An Bình,Phú Thọ,Xã,anbinh,II,,,Loại II,69
2,An Nghĩa,Phú Thọ,Xã,annghia,II,,,Loại III,57
3,Bản Nguyên,Phú Thọ,Xã,bannguyen,II,,,,148
4,Bao La,Phú Thọ,Xã,baola,III,,,,
5,Bằng Luân,Phú Thọ,Xã,bangluan,III,,,,
6,Bình Nguyên,Phú Thọ,Xã,binhnguyen,I,,,,
7,Bình Phú,Phú Thọ,Xã,binhphu,III,,,,
8,Bình Tuyền,Phú Thọ,Xã,binhtuyen,II,,,,
9,Bình Xuyên,Phú Thọ,Xã,binhxuyen,II,,,,
10,Cao Dương,Phú Thọ,Xã,caoduong,I,,,,
11,Cao Phong,Phú Thọ,Xã,caophong,II,,,,
12,Cao Sơn,Phú Thọ,Xã,caoson,III,,,,
13,Cẩm Khê,Phú Thọ,Xã,camkhe,II,,,,
14,Chân Mộng,Phú Thọ,Xã,chanmong,II,,,,
15,Chí Đám,Phú Thọ,Xã,chidam,III,,,,
16,Chí Tiên,Phú Thọ,Xã,chitien,III,,,,
17,Cự Đồng,Phú Thọ,Xã,cudong,III,,,,
18,Dân Chủ,Phú Thọ,Xã,danchu,III,,,,
19,Dũng Tiến,Phú Thọ,Xã,dungtien,II,,,,
20,Đà Bắc,Phú Thọ,Xã,dabac,II,,,,
21,Đại Đình,Phú Thọ,Xã,daidinh,III,,,,
22,Đại Đồng,Phú Thọ,Xã,daidong,II,,,,
23,Đan Thượng,Phú Thọ,Xã,danthuong,III,,,,
24,Đạo Trù,Phú Thọ,Xã,daotru,II,,,,
25,Đào Xá,Phú Thọ,Xã,daoxa,II,,,,
26,Đoan Hùng,Phú Thọ,Xã,doanhung,III,,,,
27,Đồng Lương,Phú Thọ,Xã,dongluong,III,,,,
28,Đông Thành,Phú Thọ,Xã,dongthanh,III,,,,
29,Đức Nhàn,Phú Thọ,Xã,ducnhan,III,,,,
30,Hạ Hòa,Phú Thọ,Xã,hahoa,III,,,,
31,Hải Lựu,Phú Thọ,Xã,hailuu,III,,,,
32,Hiền Lương,Phú Thọ,Xã,hienluong,III,,,,
33,Hiền Quan,Phú Thọ,Xã,hienquan,III,,,,
34,Hoàng An,Phú Thọ,Xã,hoangan,II,,,,
35,Hoàng Cương,Phú Thọ,Xã,hoangcuong,III,,,,
36,Hội Thịnh,Phú Thọ,Xã,hoithinh,II,,,,
37,Hợp Kim,Phú Thọ,Xã,hopkim,III,,,,
38,Hợp Lý,Phú Thọ,Xã,hoply,III,,,,
39,Hùng Việt,Phú Thọ,Xã,hungviet,III,,,,
40,Hương Cần,Phú Thọ,Xã,huongcan,III,,,,
41,Hy Cương,Phú Thọ,Xã,hycuong,II,,,,
42,Khả Cửu,Phú Thọ,Xã,khacuu,II,,,,
43,Kim Bôi,Phú Thọ,Xã,kimboi,II,,,,
44,Lạc Lương,Phú Thọ,Xã,lacluong,II,,,,
45,Lạc Sơn,Phú Thọ,Xã,lacson,II,,,,
46,Lạc Thủy,Phú Thọ,Xã,lacthuy,II,,,,
47,Lai Đồng,Phú Thọ,Xã,laidong,II,,,,
48,Lâm Thao,Phú Thọ,Xã,lamthao,II,,,,
49,Lập Thạch,Phú Thọ,Xã,lapthach,II,,,,
50,Liên Châu,Phú Thọ,Xã,lienchau,II,,,,
51,Liên Hòa,Phú Thọ,Xã,lienhoa,III,,,,
52,Liên Minh,Phú Thọ,Xã,lienminh,III,,,,
53,Liên Sơn,Phú Thọ,Xã,lienson,I,,,,
54,Long Cốc,Phú Thọ,Xã,longcoc,III,,,,
55,Lương Sơn,Phú Thọ,Xã,luongson,I,,,,
56,Mai Châu,Phú Thọ,Xã,maichau,II,,,,
57,Mai Hạ,Phú Thọ,Xã,maiha,III,,,,
58,Minh Đài,Phú Thọ,Xã,minhdai,II,,,,
59,Minh Hòa,Phú Thọ,Xã,minhhoa,III,,,,
60,Mường Bi,Phú Thọ,Xã,muongbi,II,,,,
61,Mường Động,Phú Thọ,Xã,muongdong,I,,,,
62,Mường Hoa,Phú Thọ,Xã,muonghoa,III,,,,
63,Mường Thàng,Phú Thọ,Xã,muongthang,II,,,,
64,Mường Vang,Phú Thọ,Xã,muongvang,II,,,,
65,Nật Sơn,Phú Thọ,Xã,natson,I,,,,
66,Ngọc Sơn,Phú Thọ,Xã,ngocson,III,,,,
67,Nguyệt Đức,Phú Thọ,Xã,nguyetduc,II,,,,
68,Nhân Nghĩa,Phú Thọ,Xã,nhannghia,III,,,,
69,Pà Cò,Phú Thọ,Xã,paco,III,,,,
70,Phú Khê,Phú Thọ,Xã,phukhe,III,,,,
71,Phú Mỹ,Phú Thọ,Xã,phumy,III,,,,
72,Phù Ninh,Phú Thọ,Xã,phuninh,II,,,,
73,Phùng Nguyên,Phú Thọ,Xã,phungnguyen,II,,,,
74,Quảng Yên,Phú Thọ,Xã,quangyen,III,,,,
75,Quy Đức,Phú Thọ,Xã,quyduc,II,,,,
76,Quyết Thắng,Phú Thọ,Xã,quyetthang,III,,,,
77,Sông Lô,Phú Thọ,Xã,songlo,II,,,,
78,Sơn Đông,Phú Thọ,Xã,sondong,II,,,,
79,Sơn Lương,Phú Thọ,Xã,sonluong,II,,,,
80,Tam Dương,Phú Thọ,Xã,tamduong,I,,,,
81,Tam Dương Bắc,Phú Thọ,Xã,tamduongbac,II,,,,
82,Tam Đảo,Phú Thọ,Xã,tamdao,II,,,,
83,Tam Hồng,Phú Thọ,Xã,tamhong,II,,,,
84,Tam Nông,Phú Thọ,Xã,tamnong,II,,,,
85,Tam Sơn,Phú Thọ,Xã,tamson,II,,,,
86,Tân Lạc,Phú Thọ,Xã,tanlac,I,,,,
87,Tân Mai,Phú Thọ,Xã,tanmai,III,,,,
88,Tân Pheo,Phú Thọ,Xã,tanpheo,II,,,,
89,Tân Sơn,Phú Thọ,Xã,tanson,II,,,,
90,Tây Cốc,Phú Thọ,Xã,taycoc,III,,,,
91,Tề Lỗ,Phú Thọ,Xã,telo,II,,,,
92,Thái Hòa,Phú Thọ,Xã,thaihoa,III,,,,
93,Thanh Ba,Phú Thọ,Xã,thanhba,II,,,,
94,Thanh Sơn,Phú Thọ,Xã,thanhson,II,,,,
95,Thanh Thủy,Phú Thọ,Xã,thanhthuy,II,,,,
96,Thịnh Minh,Phú Thọ,Xã,thinhminh,II,,,,
97,Thọ Văn,Phú Thọ,Xã,thovan,III,,,,
98,Thổ Tang,Phú Thọ,Xã,thotang,II,,,,
99,Thu Cúc,Phú Thọ,Xã,thucuc,II,,,,
100,Thung Nai,Phú Thọ,Xã,thungnai,III,,,,
101,Thượng Cốc,Phú Thọ,Xã,thuongcoc,III,,,,
102,Thượng Long,Phú Thọ,Xã,thuonglong,III,,,,
103,Tiên Lữ,Phú Thọ,Xã,tienlu,II,,,,
104,Tiên Lương,Phú Thọ,Xã,tienluong,II,,,,
105,Tiền Phong,Phú Thọ,Xã,tienphong,III,,,,
106,Toàn Thắng,Phú Thọ,Xã,toanthang,III,,,,
107,Trạm Thản,Phú Thọ,Xã,tramthan,III,,,,
108,Trung Sơn,Phú Thọ,Xã,trungson,III,,,,
109,Tu Vũ,Phú Thọ,Xã,tuvu,II,,,,
110,Vạn Xuân,Phú Thọ,Xã,vanxuan,II,,,,
111,Văn Lang,Phú Thọ,Xã,vanlang,III,,,,
112,Văn Miếu,Phú Thọ,Xã,vanmieu,II,,,,
113,Vân Bán,Phú Thọ,Xã,vanban,III,,,,
114,Vân Sơn,Phú Thọ,Xã,vanson,III,,,,
115,Vĩnh An,Phú Thọ,Xã,vinhan,II,,,,
116,Vĩnh Chân,Phú Thọ,Xã,vinhchan,III,,,,
117,Vĩnh Hưng,Phú Thọ,Xã,vinhhung,II,,,,
118,Vĩnh Phú,Phú Thọ,Xã,vinhphu,II,,,,
119,Vĩnh Thành,Phú Thọ,Xã,vinhthanh,II,,,,
120,Vĩnh Tường,Phú Thọ,Xã,vinhtuong,II,,,,
121,Võ Miếu,Phú Thọ,Xã,vomieu,I,,,,
122,Xuân Đài,Phú Thọ,Xã,xuandai,II,,,,
123,Xuân Lãng,Phú Thọ,Xã,xuanlang,I,,,,
124,Xuân Lũng,Phú Thọ,Xã,xuanlung,III,,,,
125,Xuân Viên,Phú Thọ,Xã,xuanvien,III,,,,
126,Yên Kỳ,Phú Thọ,Xã,yenky,III,,,,
127,Yên Lạc,Phú Thọ,Xã,yenlac,II,,,,
128,Yên Lãng,Phú Thọ,Xã,yenlang,III,,,,
129,Yên Lập,Phú Thọ,Xã,yenlap,II,,,,
130,Yên Phú,Phú Thọ,Xã,yenphu,III,,,,
131,Yên Sơn,Phú Thọ,Xã,yenson,III,,,,
132,Yên Thủy,Phú Thọ,Xã,yenthuy,II,,,,
133,Yên Trị,Phú Thọ,Xã,yentri,II,,,,
134,Âu Cơ,Phú Thọ,Phường,auco,II,,,,
135,Hòa Bình,Phú Thọ,Phường,hoabinh,I,,,,
136,Kỳ Sơn,Phú Thọ,Phường,kyson,I,,,,
137,Nông Trang,Phú Thọ,Phường,nongtrang,I,,,,
138,Phong Châu,Phú Thọ,Phường,phongchau,II,,,,
139,Phú Thọ,Phú Thọ,Phường,phutho,II,,,,
140,Phúc Yên,Phú Thọ,Phường,phucyen,I,,,,
141,Tân Hòa,Phú Thọ,Phường,tanhoa,I,,,,
142,Thanh Miếu,Phú Thọ,Phường,thanhmieu,I,,,,
143,Thống Nhất,Phú Thọ,Phường,thongnhat,I,,,,
144,Vân Phú,Phú Thọ,Phường,vanphu,I,,,,
145,Việt Trì,Phú Thọ,Phường,viettri,I,,,,
146,Vĩnh Phúc,Phú Thọ,Phường,vinhphuc,I,,,,
147,Vĩnh Yên,Phú Thọ,Phường,vinhyen,I,,,,
148,Xuân Hòa,Phú Thọ,Phường,xuanhoa,I,,,,