STT,Tên,Thuộc tỉnh/thành phố,Loại,Slug,Phân loại đơn vị hành chính,Tham Khảo,,Loại I,74
1,Bảo Lâm 1,Lâm Đồng,Xã,baolam1,I,,,Loại II,46
2,Bảo Lâm 2,Lâm Đồng,Xã,baolam2,I,,,Loại III,4
3,Bảo Lâm 3,Lâm Đồng,Xã,baolam3,I,,,,124
4,Bảo Lâm 4,Lâm Đồng,Xã,baolam4,II,,,,
5,Bảo Lâm 5,Lâm Đồng,Xã,baolam5,II,,,,
6,Bảo Thuận,Lâm Đồng,Xã,baothuan,I,,,,
7,Bắc Bình,Lâm Đồng,Xã,bacbinh,I,,,,
8,Bắc Ruộng,Lâm Đồng,Xã,bacruong,II,,,,
9,Cát Tiên,Lâm Đồng,Xã,cattien,II,,,,
10,Cát Tiên 2,Lâm Đồng,Xã,cattien2,II,,,,
11,Cát Tiên 3,Lâm Đồng,Xã,cattien3,II,,,,
12,Cư Jút,Lâm Đồng,Xã,cujut,I,,,,
13,D'Ran,Lâm Đồng,Xã,dran,I,,,,
14,Di Linh,Lâm Đồng,Xã,dilinh,I,,,,
15,Đạ Huoai,Lâm Đồng,Xã,dahuoai,II,,,,
16,Đạ Huoai 2,Lâm Đồng,Xã,dahuoai2,II,,,,
17,Đạ Huoai 3,Lâm Đồng,Xã,dahuoai3,III,,,,
18,Đạ Tẻh,Lâm Đồng,Xã,dateh,I,,,,
19,Đạ Tẻh 2,Lâm Đồng,Xã,dateh2,II,,,,
20,Đạ Tẻh 3,Lâm Đồng,Xã,dateh3,III,,,,
21,Đam Rông 1,Lâm Đồng,Xã,damrong1,II,,,,
22,Đam Rông 2,Lâm Đồng,Xã,damrong2,I,,,,
23,Đam Rông 3,Lâm Đồng,Xã,damrong3,II,,,,
24,Đam Rông 4,Lâm Đồng,Xã,damrong4,II,,,,
25,Đắk Mil,Lâm Đồng,Xã,dakmil,I,,,,
26,Đắk Sắk,Lâm Đồng,Xã,daksak,II,,,,
27,Đắk Song,Lâm Đồng,Xã,daksong,II,,,,
28,Đắk Wil,Lâm Đồng,Xã,dakwil,I,,,,
29,Đinh Trang Thượng,Lâm Đồng,Xã,dinhtrangthuong,I,,,,
30,Đinh Văn Lâm Hà,Lâm Đồng,Xã,dinhvanlamha,I,,,,
31,Đông Giang,Lâm Đồng,Xã,donggiang,II,,,,
32,Đồng Kho,Lâm Đồng,Xã,dongkho,I,,,,
33,Đơn Dương,Lâm Đồng,Xã,donduong,I,,,,
34,Đức An,Lâm Đồng,Xã,ducan,I,,,,
35,Đức Lập,Lâm Đồng,Xã,duclap,I,,,,
36,Đức Linh,Lâm Đồng,Xã,duclinh,I,,,,
37,Đức Trọng,Lâm Đồng,Xã,ductrong,I,,,,
38,Gia Hiệp,Lâm Đồng,Xã,giahiep,I,,,,
39,Hải Ninh,Lâm Đồng,Xã,haininh,II,,,,
40,Hàm Kiệm,Lâm Đồng,Xã,hamkiem,I,,,,
41,Hàm Liêm,Lâm Đồng,Xã,hamliem,II,,,,
42,Hàm Tân,Lâm Đồng,Xã,hamtan,I,,,,
43,Hàm Thạnh,Lâm Đồng,Xã,hamthanh,II,,,,
44,Hàm Thuận,Lâm Đồng,Xã,hamthuan,I,,,,
45,Hàm Thuận Bắc,Lâm Đồng,Xã,hamthuanbac,I,,,,
46,Hàm Thuận Nam,Lâm Đồng,Xã,hamthuannam,I,,,,
47,Hiệp Thạnh,Lâm Đồng,Xã,hiepthanh,I,,,,
48,Hòa Bắc,Lâm Đồng,Xã,hoabac,II,,,,
49,Hòa Ninh,Lâm Đồng,Xã,hoaninh,I,,,,
50,Hòa Thắng,Lâm Đồng,Xã,hoathang,II,,,,
51,Hoài Đức,Lâm Đồng,Xã,hoaiduc,I,,,,
52,Hồng Sơn,Lâm Đồng,Xã,hongson,I,,,,
53,Hồng Thái,Lâm Đồng,Xã,hongthai,II,,,,
54,Ka Đô,Lâm Đồng,Xã,kado,II,,,,
55,Kiến Đức,Lâm Đồng,Xã,kienduc,I,,,,
56,Krông Nô,Lâm Đồng,Xã,krongno,II,,,,
57,La Dạ,Lâm Đồng,Xã,lada,II,,,,
58,Lạc Dương,Lâm Đồng,Xã,lacduong,I,,,,
59,Liên Hương,Lâm Đồng,Xã,lienhuong,I,,,,
60,Lương Sơn,Lâm Đồng,Xã,luongson,II,,,,
61,Nam Ban Lâm Hà,Lâm Đồng,Xã,nambanlamha,I,,,,
62,Nam Dong,Lâm Đồng,Xã,namdong,I,,,,
63,Nam Đà,Lâm Đồng,Xã,namda,II,,,,
64,Nam Hà Lâm Hà,Lâm Đồng,Xã,namhalamha,III,,,,
65,Nam Thành,Lâm Đồng,Xã,namthanh,I,,,,
66,Nâm Nung,Lâm Đồng,Xã,namnung,I,,,,
67,Nghị Đức,Lâm Đồng,Xã,nghiduc,II,,,,
68,Nhân Cơ,Lâm Đồng,Xã,nhanco,I,,,,
69,Ninh Gia,Lâm Đồng,Xã,ninhgia,II,,,,
70,Phan Rí Cửa,Lâm Đồng,Xã,phanricua,II,,,,
71,Phan Sơn,Lâm Đồng,Xã,phanson,II,,,,
72,Phú Sơn Lâm Hà,Lâm Đồng,Xã,phusonlamha,I,,,,
73,Phúc Thọ Lâm Hà,Lâm Đồng,Xã,phuctholamha,II,,,,
74,Quảng Hòa,Lâm Đồng,Xã,quanghoa,II,,,,
75,Quảng Khê,Lâm Đồng,Xã,quangkhe,II,,,,
76,Quảng Lập,Lâm Đồng,Xã,quanglap,II,,,,
77,Quảng Phú,Lâm Đồng,Xã,quangphu,II,,,,
78,Quảng Sơn,Lâm Đồng,Xã,quangson,I,,,,
79,Quảng Tân,Lâm Đồng,Xã,quangtan,I,,,,
80,Quảng Tín,Lâm Đồng,Xã,quangtin,I,,,,
81,Quảng Trực,Lâm Đồng,Xã,quangtruc,I,,,,
82,Sông Lũy,Lâm Đồng,Xã,songluy,I,,,,
83,Sơn Điền,Lâm Đồng,Xã,sondien,II,,,,
84,Sơn Mỹ,Lâm Đồng,Xã,sonmy,I,,,,
85,Suối Kiết,Lâm Đồng,Xã,suoikiet,II,,,,
86,Tà Đùng,Lâm Đồng,Xã,tadung,I,,,,
87,Tà Hine,Lâm Đồng,Xã,tahine,II,,,,
88,Tà Năng,Lâm Đồng,Xã,tanang,II,,,,
89,Tánh Linh,Lâm Đồng,Xã,tanhlinh,I,,,,
90,Tân Hà Lâm Hà,Lâm Đồng,Xã,tanhalamha,I,,,,
91,Tân Hải,Lâm Đồng,Xã,tanhai,III,,,,
92,Tân Hội,Lâm Đồng,Xã,tanhoi,II,,,,
93,Tân Lập,Lâm Đồng,Xã,tanlap,II,,,,
94,Tân Minh,Lâm Đồng,Xã,tanminh,I,,,,
95,Tân Thành,Lâm Đồng,Xã,tanthanh,I,,,,
96,Thuận An,Lâm Đồng,Xã,thuanan,I,,,,
97,Thuận Hạnh,Lâm Đồng,Xã,thuanhanh,II,,,,
98,Trà Tân,Lâm Đồng,Xã,tratan,I,,,,
99,Trường Xuân,Lâm Đồng,Xã,truongxuan,I,,,,
100,Tuy Đức,Lâm Đồng,Xã,tuyduc,I,,,,
101,Tuy Phong,Lâm Đồng,Xã,tuyphong,II,,,,
102,Tuyên Quang,Lâm Đồng,Xã,tuyenquang,II,,,,
103,Vĩnh Hảo,Lâm Đồng,Xã,vinhhao,II,,,,
104,B'Lao,Lâm Đồng,Phường,blao,I,,,,
105,Bắc Gia Nghĩa,Lâm Đồng,Phường,bacgianghia,I,,,,
106,Bình Thuận,Lâm Đồng,Phường,binhthuan,I,,,,
107,Cam Ly - Đà Lạt,Lâm Đồng,Phường,camlydalat,I,,,,
108,Đông Gia Nghĩa,Lâm Đồng,Phường,donggianghia,I,,,,
109,Hàm Thắng,Lâm Đồng,Phường,hamthang,I,,,,
110,La Gi,Lâm Đồng,Phường,lagi,I,,,,
111,Lang Biang - Đà Lạt,Lâm Đồng,Phường,langbiangdalat,I,,,,
112,Lâm Viên - Đà Lạt,Lâm Đồng,Phường,lamviendalat,I,,,,
113,Mũi Né,Lâm Đồng,Phường,muine,I,,,,
114,Nam Gia Nghĩa,Lâm Đồng,Phường,namgianghia,I,,,,
115,Phan Thiết,Lâm Đồng,Phường,phanthiet,I,,,,
116,Phú Thủy,Lâm Đồng,Phường,phuthuy,I,,,,
117,Phước Hội,Lâm Đồng,Phường,phuochoi,I,,,,
118,Phường 1 Bảo Lộc,Lâm Đồng,Phường,phuong1baoloc,I,,,,
119,Phường 2 Bảo Lộc,Lâm Đồng,Phường,phuong2baoloc,I,,,,
120,Phường 3 Bảo Lộc,Lâm Đồng,Phường,phuong3baoloc,I,,,,
121,Tiến Thành,Lâm Đồng,Phường,tienthanh,I,,,,
122,Xuân Hương - Đà Lạt,Lâm Đồng,Phường,xuanhuongdalat,I,,,,
123,Xuân Trường - Đà Lạt,Lâm Đồng,Phường,xuantruongdalat,I,,,,
124,Đặc khu Phú Quý,Lâm Đồng,Đặc khu,,II,,,,