Tên,Thuộc tỉnh/thành phố,Loại,Slug,Đô Thị Loại,Tham Khảo,,Loại I,45
Avương,Đà Nẵng,Xã,avuong,I,,,Loại II,44
Bà Nà,Đà Nẵng,Xã,bana,I,,,Loại III,5
Bến Giằng,Đà Nẵng,Xã,bengiang,II,,,,
Bến Hiên,Đà Nẵng,Xã,benhien,II,,,,
Chiên Đàn,Đà Nẵng,Xã,chiendan,II,,,,
Duy Nghĩa,Đà Nẵng,Xã,duynghia,I,,,,
Duy Xuyên,Đà Nẵng,Xã,duyxuyen,I,,,,
Đại Lộc,Đà Nẵng,Xã,dailoc,I,,,,
Đắc Pring,Đà Nẵng,Xã,dacpring,I,,,,
Điện Bàn Tây,Đà Nẵng,Xã,dienbantay,II,,,,
Đồng Dương,Đà Nẵng,Xã,dongduong,III,,,,
Đông Giang,Đà Nẵng,Xã,donggiang,II,,,,
Đức Phú,Đà Nẵng,Xã,ducphu,II,,,,
Gò Nổi,Đà Nẵng,Xã,gonoi,II,,,,
Hà Nha,Đà Nẵng,Xã,hanha,I,,,,
Hiệp Đức,Đà Nẵng,Xã,hiepduc,II,,,,
Hòa Tiến,Đà Nẵng,Xã,hoatien,I,,,,
Hòa Vang,Đà Nẵng,Xã,hoavang,I,,,,
Hùng Sơn,Đà Nẵng,Xã,hungson,II,,,,
Khâm Đức,Đà Nẵng,Xã,khamduc,I,,,,
La Dêê,Đà Nẵng,Xã,ladee,I,,,,
La Êê,Đà Nẵng,Xã,laee,I,,,,
Lãnh Ngọc,Đà Nẵng,Xã,lanhngoc,II,,,,
Nam Giang,Đà Nẵng,Xã,namgiang,II,,,,
Nam Phước,Đà Nẵng,Xã,namphuoc,I,,,,
Nam Trà My,Đà Nẵng,Xã,namtramy,II,,,,
Nông Sơn,Đà Nẵng,Xã,nongson,II,,,,
Núi Thành,Đà Nẵng,Xã,nuithanh,I,,,,
Phú Ninh,Đà Nẵng,Xã,phuninh,II,,,,
Phú Thuận,Đà Nẵng,Xã,phuthuan,II,,,,
Phước Chánh,Đà Nẵng,Xã,phuocchanh,II,,,,
Phước Hiệp,Đà Nẵng,Xã,phuochiep,II,,,,
Phước Năng,Đà Nẵng,Xã,phuocnang,II,,,,
Phước Thành,Đà Nẵng,Xã,phuocthanh,II,,,,
Phước Trà,Đà Nẵng,Xã,phuoctra,I,,,,
Quế Phước,Đà Nẵng,Xã,quephuoc,II,,,,
Quế Sơn,Đà Nẵng,Xã,queson,II,,,,
Quế Sơn Trung,Đà Nẵng,Xã,quesontrung,II,,,,
Sông Kôn,Đà Nẵng,Xã,songkon,II,,,,
Sông Vàng,Đà Nẵng,Xã,songvang,II,,,,
Sơn Cẩm Hà,Đà Nẵng,Xã,soncamha,II,,,,
Tam Anh,Đà Nẵng,Xã,tamanh,II,,,,
Tam Hải,Đà Nẵng,Xã,tamhai,III,,,,
Tam Mỹ,Đà Nẵng,Xã,tammy,II,,,,
Tam Xuân,Đà Nẵng,Xã,tamxuan,I,,,,
Tân Hiệp,Đà Nẵng,Xã,tanhiep,III,,,,
Tây Giang,Đà Nẵng,Xã,taygiang,I,,,,
Tây Hồ,Đà Nẵng,Xã,tayho,II,,,,
Thạnh Bình,Đà Nẵng,Xã,thanhbinh,II,,,,
Thạnh Mỹ,Đà Nẵng,Xã,thanhmy,I,,,,
Thăng An,Đà Nẵng,Xã,thangan,I,,,,
Thăng Bình,Đà Nẵng,Xã,thangbinh,I,,,,
Thăng Điền,Đà Nẵng,Xã,thangdien,I,,,,
Thăng Phú,Đà Nẵng,Xã,thangphu,III,,,,
Thăng Trường,Đà Nẵng,Xã,thangtruong,II,,,,
Thu Bồn,Đà Nẵng,Xã,thubon,I,,,,
Thượng Đức,Đà Nẵng,Xã,thuongduc,I,,,,
Tiên Phước,Đà Nẵng,Xã,tienphuoc,II,,,,
Trà Đốc,Đà Nẵng,Xã,tradoc,I,,,,
Trà Giáp,Đà Nẵng,Xã,tragiap,II,,,,
Trà Leng,Đà Nẵng,Xã,traleng,II,,,,
Trà Liên,Đà Nẵng,Xã,tralien,II,,,,
Trà Linh,Đà Nẵng,Xã,tralinh,II,,,,
Trà My,Đà Nẵng,Xã,tramy,II,,,,
Trà Tân,Đà Nẵng,Xã,tratan,II,,,,
Trà Tập,Đà Nẵng,Xã,tratap,II,,,,
Trà Vân,Đà Nẵng,Xã,travan,II,,,,
Việt An,Đà Nẵng,Xã,vietan,II,,,,
Vu Gia,Đà Nẵng,Xã,vugia,II,,,,
Xuân Phú,Đà Nẵng,Xã,xuanphu,II,,,,
An Hải,Đà Nẵng,Phường,anhai,I,,,,
An Khê,Đà Nẵng,Phường,ankhe,I,,,,
An Thắng,Đà Nẵng,Phường,anthang,II,,,,
Bàn Thạch,Đà Nẵng,Phường,banthach,I,,,,
Cẩm Lệ,Đà Nẵng,Phường,camle,I,,,,
Điện Bàn,Đà Nẵng,Phường,dienban,I,,,,
Điện Bàn Bắc,Đà Nẵng,Phường,dienbanbac,I,,,,
Điện Bàn Đông,Đà Nẵng,Phường,dienbandong,I,,,,
Hải Châu,Đà Nẵng,Phường,haichau,I,,,,
Hải Vân,Đà Nẵng,Phường,haivan,I,,,,
Hòa Cường,Đà Nẵng,Phường,hoacuong,I,,,,
Hòa Khánh,Đà Nẵng,Phường,hoakhanh,I,,,,
Hòa Xuân,Đà Nẵng,Phường,hoaxuan,I,,,,
Hội An,Đà Nẵng,Phường,hoian,I,,,,
Hội An Đông,Đà Nẵng,Phường,hoiandong,I,,,,
Hội An Tây,Đà Nẵng,Phường,hoiantay,I,,,,
Hương Trà,Đà Nẵng,Phường,huongtra,II,,,,
Liên Chiểu,Đà Nẵng,Phường,lienchieu,I,,,,
Ngũ Hành Sơn,Đà Nẵng,Phường,nguhanhson,I,,,,
Quảng Phú,Đà Nẵng,Phường,quangphu,I,,,,
Sơn Trà,Đà Nẵng,Phường,sontra,I,,,,
Tam Kỳ,Đà Nẵng,Phường,tamky,I,,,,
Thanh Khê,Đà Nẵng,Phường,thanhkhe,I,,,,
Đặc khu Hoàng Sa,Đà Nẵng,Đặc Khu,,III,,,,