STT,Tên,Thuộc tỉnh/thành phố,Loại,Slug,Phân loại đơn vị hành chính,Tham Khảo,Tham Khảo (1),,Loại I,3
1,Bản Bo,Lai Châu,Xã,banbo,III,,,,Loại II,3
2,Bình Lư,Lai Châu,Xã,binhlu,II,,,,Loại III,32
3,Bum Nưa,Lai Châu,Xã,bumnua,III,,,,,38
4,Bum Tở,Lai Châu,Xã,bumto,III,,,,,
5,Dào San,Lai Châu,Xã,daosan,III,,,,,
6,Hồng Thu,Lai Châu,Xã,hongthu,III,,,,,
7,Hua Bum,Lai Châu,Xã,huabum,III,,,,,
8,Khoen On,Lai Châu,Xã,khoenon,III,,,,,
9,Khổng Lào,Lai Châu,Xã,khonglao,III,,,,,
10,Khun Há,Lai Châu,Xã,khunha,III,,,,,
11,Lê Lợi,Lai Châu,Xã,leloi,III,,,,,
12,Mù Cả,Lai Châu,Xã,muca,III,,,,,
13,Mường Khoa,Lai Châu,Xã,muongkhoa,III,,,,,
14,Mường Kim,Lai Châu,Xã,muongkim,III,,,,,
15,Mường Mô,Lai Châu,Xã,muongmo,III,,,,,
16,Mường Tè,Lai Châu,Xã,muongte,III,,,,,
17,Mường Than,Lai Châu,Xã,muongthan,II,,,,,
18,Nậm Cuổi,Lai Châu,Xã,namcuoi,III,,,,,
19,Nậm Hàng,Lai Châu,Xã,namhang,III,,,,,
20,Nậm Mạ,Lai Châu,Xã,namma,III,,,,,
21,Nậm Sỏ,Lai Châu,Xã,namso,III,,,,,
22,Nậm Tăm,Lai Châu,Xã,namtam,III,,,,,
23,Pa Tần,Lai Châu,Xã,patan,III,,,,,
24,Pa Ủ,Lai Châu,Xã,pau,III,,,,,
25,Pắc Ta,Lai Châu,Xã,pacta,III,,,,,
26,Phong Thổ,Lai Châu,Xã,phongtho,III,,,,,
27,Pu Sam Cáp,Lai Châu,Xã,pusamcap,III,,,,,
28,Sì Lở Lầu,Lai Châu,Xã,silolau,III,,,,,
29,Sìn Hồ,Lai Châu,Xã,sinho,III,,,,,
30,Sin Suối Hồ,Lai Châu,Xã,sinsuoiho,III,,,,,
31,Tả Lèng,Lai Châu,Xã,taleng,III,,,,,
32,Tà Tổng,Lai Châu,Xã,tatong,III,,,,,
33,Tân Uyên,Lai Châu,Xã,tanuyen,II,,,,,
34,Than Uyên,Lai Châu,Xã,thanuyen,I,,,,,
35,Thu Lũm,Lai Châu,Xã,thulum,III,,,,,
36,Tủa Sín Chải,Lai Châu,Xã,tuasinchai,III,,,,,
37,Đoàn Kết,Lai Châu,Phường,doanket,I,,,,,
38,Tân Phong,Lai Châu,Phường,tanphong,I,,,,,