Tên,Thuộc tỉnh/thành phố,Loại,Slug,Đô Thị Loại,Tham khảo,Loại I,24
An Khánh,Thái Nguyên,Xã,ankhanh,II,,Loại II,65
Ba Bể,Thái Nguyên,Xã,babe,II,,Loại III,3
Bạch Thông,Thái Nguyên,Xã,bachthong,II,,,
Bằng Thành,Thái Nguyên,Xã,bangthanh,I,,,
Bằng Vân,Thái Nguyên,Xã,bangvan,II,,,
Bình Thành,Thái Nguyên,Xã,binhthanh,II,,,
Bình Yên,Thái Nguyên,Xã,binhyen,II,,,
Cao Minh,Thái Nguyên,Xã,caominh,II,,,
Cẩm Giàng,Thái Nguyên,Xã,camgiang,II,,,
Chợ Đồn,Thái Nguyên,Xã,chodon,I,,,
Chợ Mới,Thái Nguyên,Xã,chomoi,II,,,
Chợ Rã,Thái Nguyên,Xã,chora,II,,,
Côn Minh,Thái Nguyên,Xã,conminh,II,,,
Cường Lợi,Thái Nguyên,Xã,cuongloi,II,,,
Dân Tiến,Thái Nguyên,Xã,dantien,II,,,
Đại Phúc,Thái Nguyên,Xã,daiphuc,I,,,
Đại Từ,Thái Nguyên,Xã,daitu,II,,,
Điềm Thụy,Thái Nguyên,Xã,diemthuy,I,,,
Định Hóa,Thái Nguyên,Xã,dinhhoa,I,,,
Đồng Hỷ,Thái Nguyên,Xã,donghy,II,,,
Đồng Phúc,Thái Nguyên,Xã,dongphuc,II,,,
Đức Lương,Thái Nguyên,Xã,ducluong,II,,,
Hiệp Lực,Thái Nguyên,Xã,hiepluc,II,,,
Hợp Thành,Thái Nguyên,Xã,hopthanh,II,,,
Kha Sơn,Thái Nguyên,Xã,khason,I,,,
Kim Phượng,Thái Nguyên,Xã,kimphuong,II,,,
La Bằng,Thái Nguyên,Xã,labang,II,,,
La Hiên,Thái Nguyên,Xã,lahien,II,,,
Lam Vỹ,Thái Nguyên,Xã,lamvy,II,,,
Nà Phặc,Thái Nguyên,Xã,naphac,II,,,
Na Rì,Thái Nguyên,Xã,nari,II,,,
Nam Cường,Thái Nguyên,Xã,namcuong,II,,,
Nam Hoà,Thái Nguyên,Xã,namhoa,II,,,
Ngân Sơn,Thái Nguyên,Xã,nganson,II,,,
Nghĩa Tá,Thái Nguyên,Xã,nghiata,II,,,
Nghiên Loan,Thái Nguyên,Xã,nghienloan,II,,,
Nghinh Tường,Thái Nguyên,Xã,nghinhtuong,II,,,
Phong Quang,Thái Nguyên,Xã,phongquang,II,,,
Phú Bình,Thái Nguyên,Xã,phubinh,I,,,
Phú Đình,Thái Nguyên,Xã,phudinh,II,,,
Phú Lạc,Thái Nguyên,Xã,phulac,II,,,
Phú Lương,Thái Nguyên,Xã,phuluong,I,,,
Phú Thịnh,Thái Nguyên,Xã,phuthinh,II,,,
Phủ Thông,Thái Nguyên,Xã,phuthong,II,,,
Phú Xuyên,Thái Nguyên,Xã,phuxuyen,II,,,
Phúc Lộc,Thái Nguyên,Xã,phucloc,II,,,
Phượng Tiến,Thái Nguyên,Xã,phuongtien,II,,,
Quảng Bạch,Thái Nguyên,Xã,quangbach,III,,,
Quang Sơn,Thái Nguyên,Xã,quangson,II,,,
Quân Chu,Thái Nguyên,Xã,quanchu,II,,,
Sảng Mộc,Thái Nguyên,Xã,sangmoc,III,,,
Tân Cương,Thái Nguyên,Xã,tancuong,II,,,
Tân Khánh,Thái Nguyên,Xã,tankhanh,II,,,
Tân Kỳ,Thái Nguyên,Xã,tanky,II,,,
Tân Thành,Thái Nguyên,Xã,tanthanh,II,,,
Thành Công,Thái Nguyên,Xã,thanhcong,II,,,
Thanh Mai,Thái Nguyên,Xã,thanhmai,II,,,
Thanh Thịnh,Thái Nguyên,Xã,thanhthinh,II,,,
Thần Sa,Thái Nguyên,Xã,thansa,II,,,
Thượng Minh,Thái Nguyên,Xã,thuongminh,II,,,
Thượng Quan,Thái Nguyên,Xã,thuongquan,II,,,
Trại Cau,Thái Nguyên,Xã,traicau,II,,,
Tràng Xá,Thái Nguyên,Xã,trangxa,II,,,
Trần Phú,Thái Nguyên,Xã,tranphu,II,,,
Trung Hội,Thái Nguyên,Xã,trunghoi,II,,,
Vạn Phú,Thái Nguyên,Xã,vanphu,II,,,
Văn Hán,Thái Nguyên,Xã,vanhan,II,,,
Văn Lang,Thái Nguyên,Xã,vanlang,II,,,
Văn Lăng,Thái Nguyên,Xã,vanlang,III,,,
Vĩnh Thông,Thái Nguyên,Xã,vinhthong,II,,,
Võ Nhai,Thái Nguyên,Xã,vonhai,I,,,
Vô Tranh,Thái Nguyên,Xã,votranh,I,,,
Xuân Dương,Thái Nguyên,Xã,xuanduong,II,,,
Yên Bình,Thái Nguyên,Xã,yenbinh,II,,,
Yên Phong,Thái Nguyên,Xã,yenphong,II,,,
Yên Thịnh,Thái Nguyên,Xã,yenthinh,II,,,
Yên Trạch,Thái Nguyên,Xã,yentrach,I,,,
Bá Xuyên,Thái Nguyên,Phường,baxuyen,II,,,
Bách Quang,Thái Nguyên,Phường,bachquang,I,,,
Bắc Kạn,Thái Nguyên,Phường,backan,I,,,
Đức Xuân,Thái Nguyên,Phường,ducxuan,I,,,
Gia Sàng,Thái Nguyên,Phường,giasang,I,,,
Linh Sơn,Thái Nguyên,Phường,linhson,I,,,
Phan Đình Phùng,Thái Nguyên,Phường,phandinhphung,I,,,
Phổ Yên,Thái Nguyên,Phường,phoyen,I,,,
Phúc Thuận,Thái Nguyên,Phường,phucthuan,I,,,
Quan Triều,Thái Nguyên,Phường,quantrieu,I,,,
Quyết Thắng,Thái Nguyên,Phường,quyetthang,I,,,
Sông Công,Thái Nguyên,Phường,songcong,II,,,
Tích Lương,Thái Nguyên,Phường,tichluong,I,,,
Trung Thành,Thái Nguyên,Phường,trungthanh,I,,,
Vạn Xuân,Thái Nguyên,Phường,vanxuan,I,,,