STT,Tên,Thuộc tỉnh/thành phố,Loại,Slug,Đô Thị Loại,Tham khảo,,Loại I,46
1,Bắc Lý,Ninh Bình,Xã,bacly,II,,,Loại II,83
2,Bình An,Ninh Bình,Xã,binhan,I,,,Loại III,0
3,Bình Giang,Ninh Bình,Xã,binhgiang,II,,,,129
4,Bình Lục,Ninh Bình,Xã,binhluc,II,,,,
5,Bình Minh,Ninh Bình,Xã,binhminh,II,,,,
6,Bình Mỹ,Ninh Bình,Xã,binhmy,II,,,,
7,Bình Sơn,Ninh Bình,Xã,binhson,II,,,,
8,Cát Thành,Ninh Bình,Xã,catthanh,II,,,,
9,Chất Bình,Ninh Bình,Xã,chatbinh,II,,,,
10,Cổ Lễ,Ninh Bình,Xã,cole,I,,,,
11,Cúc Phương,Ninh Bình,Xã,cucphuong,I,,,,
12,Đại Hoàng,Ninh Bình,Xã,daihoang,II,,,,
13,Định Hóa,Ninh Bình,Xã,dinhhoa,II,,,,
14,Đồng Thái,Ninh Bình,Xã,dongthai,II,,,,
15,Đồng Thịnh,Ninh Bình,Xã,dongthinh,II,,,,
16,Gia Hưng,Ninh Bình,Xã,giahung,II,,,,
17,Gia Lâm,Ninh Bình,Xã,gialam,II,,,,
18,Gia Phong,Ninh Bình,Xã,giaphong,II,,,,
19,Gia Trấn,Ninh Bình,Xã,giatran,II,,,,
20,Gia Tường,Ninh Bình,Xã,giatuong,II,,,,
21,Gia Vân,Ninh Bình,Xã,giavan,II,,,,
22,Gia Viễn,Ninh Bình,Xã,giavien,II,,,,
23,Giao Bình,Ninh Bình,Xã,giaobinh,II,,,,
24,Giao Hòa,Ninh Bình,Xã,giaohoa,I,,,,
25,Giao Hưng,Ninh Bình,Xã,giaohung,II,,,,
26,Giao Minh,Ninh Bình,Xã,giaominh,II,,,,
27,Giao Ninh,Ninh Bình,Xã,giaoninh,I,,,,
28,Giao Phúc,Ninh Bình,Xã,giaophuc,II,,,,
29,Giao Thủy,Ninh Bình,Xã,giaothuy,I,,,,
30,Hải An,Ninh Bình,Xã,haian,II,,,,
31,Hải Anh,Ninh Bình,Xã,haianh,I,,,,
32,Hải Hậu,Ninh Bình,Xã,haihau,I,,,,
33,Hải Hưng,Ninh Bình,Xã,haihung,I,,,,
34,Hải Quang,Ninh Bình,Xã,haiquang,II,,,,
35,Hải Thịnh,Ninh Bình,Xã,haithinh,II,,,,
36,Hải Tiến,Ninh Bình,Xã,haitien,I,,,,
37,Hải Xuân,Ninh Bình,Xã,haixuan,I,,,,
38,Hiển Khánh,Ninh Bình,Xã,hienkhanh,II,,,,
39,Hồng Phong,Ninh Bình,Xã,hongphong,II,,,,
40,Khánh Hội,Ninh Bình,Xã,khanhhoi,II,,,,
41,Khánh Nhạc,Ninh Bình,Xã,khanhnhac,II,,,,
42,Khánh Thiện,Ninh Bình,Xã,khanhthien,II,,,,
43,Khánh Trung,Ninh Bình,Xã,khanhtrung,II,,,,
44,Kim Đông,Ninh Bình,Xã,kimdong,II,,,,
45,Kim Sơn,Ninh Bình,Xã,kimson,II,,,,
46,Lai Thành,Ninh Bình,Xã,laithanh,II,,,,
47,Liêm Hà,Ninh Bình,Xã,liemha,II,,,,
48,Liên Minh,Ninh Bình,Xã,lienminh,II,,,,
49,Lý Nhân,Ninh Bình,Xã,lynhan,II,,,,
50,Minh Tân,Ninh Bình,Xã,minhtan,II,,,,
51,Minh Thái,Ninh Bình,Xã,minhthai,II,,,,
52,Nam Đồng,Ninh Bình,Xã,namdong,II,,,,
53,Nam Hồng,Ninh Bình,Xã,namhong,II,,,,
54,Nam Lý,Ninh Bình,Xã,namly,II,,,,
55,Nam Minh,Ninh Bình,Xã,namminh,II,,,,
56,Nam Ninh,Ninh Bình,Xã,namninh,II,,,,
57,Nam Trực,Ninh Bình,Xã,namtruc,II,,,,
58,Nam Xang,Ninh Bình,Xã,namxang,II,,,,
59,Nghĩa Hưng,Ninh Bình,Xã,nghiahung,II,,,,
60,Nghĩa Lâm,Ninh Bình,Xã,nghialam,II,,,,
61,Nghĩa Sơn,Ninh Bình,Xã,nghiason,II,,,,
62,Nhân Hà,Ninh Bình,Xã,nhanha,II,,,,
63,Nho Quan,Ninh Bình,Xã,nhoquan,I,,,,
64,Ninh Cường,Ninh Bình,Xã,ninhcuong,II,,,,
65,Ninh Giang,Ninh Bình,Xã,ninhgiang,I,,,,
66,Phát Diệm,Ninh Bình,Xã,phatdiem,II,,,,
67,Phong Doanh,Ninh Bình,Xã,phongdoanh,II,,,,
68,Phú Long,Ninh Bình,Xã,phulong,II,,,,
69,Phú Sơn,Ninh Bình,Xã,phuson,II,,,,
70,Quang Hưng,Ninh Bình,Xã,quanghung,II,,,,
71,Quang Thiện,Ninh Bình,Xã,quangthien,II,,,,
72,Quỹ Nhất,Ninh Bình,Xã,quynhat,II,,,,
73,Quỳnh Lưu,Ninh Bình,Xã,quynhluu,II,,,,
74,Rạng Đông,Ninh Bình,Xã,rangdong,II,,,,
75,Tân Minh,Ninh Bình,Xã,tanminh,I,,,,
76,Tân Thanh,Ninh Bình,Xã,tanthanh,II,,,,
77,Thanh Bình,Ninh Bình,Xã,thanhbinh,II,,,,
78,Thanh Lâm,Ninh Bình,Xã,thanhlam,II,,,,
79,Thanh Liêm,Ninh Bình,Xã,thanhliem,II,,,,
80,Thanh Sơn,Ninh Bình,Xã,thanhson,II,,,,
81,Trần Thương,Ninh Bình,Xã,tranthuong,II,,,,
82,Trực Ninh,Ninh Bình,Xã,trucninh,II,,,,
83,Vạn Thắng,Ninh Bình,Xã,vanthang,II,,,,
84,Vĩnh Trụ,Ninh Bình,Xã,vinhtru,II,,,,
85,Vụ Bản,Ninh Bình,Xã,vuban,II,,,,
86,Vũ Dương,Ninh Bình,Xã,vuduong,II,,,,
87,Xuân Giang,Ninh Bình,Xã,xuangiang,II,,,,
88,Xuân Hồng,Ninh Bình,Xã,xuanhong,II,,,,
89,Xuân Hưng,Ninh Bình,Xã,xuanhung,II,,,,
90,Xuân Trường,Ninh Bình,Xã,xuantruong,I,,,,
91,Ý Yên,Ninh Bình,Xã,yyen,I,,,,
92,Yên Cường,Ninh Bình,Xã,yencuong,II,,,,
93,Yên Đồng,Ninh Bình,Xã,yendong,I,,,,
94,Yên Khánh,Ninh Bình,Xã,yenkhanh,II,,,,
95,Yên Mạc,Ninh Bình,Xã,yenmac,II,,,,
96,Yên Mô,Ninh Bình,Xã,yenmo,II,,,,
97,Yên Từ,Ninh Bình,Xã,yentu,II,,,,
98,Châu Sơn,Ninh Bình,Phường,chauson,I,,,,
99,Duy Hà,Ninh Bình,Phường,duyha,II,,,,
100,Duy Tân,Ninh Bình,Phường,duytan,I,,,,
101,Duy Tiên,Ninh Bình,Phường,duytien,I,,,,
102,Đông A,Ninh Bình,Phường,donga,I,,,,
103,Đông Hoa Lư,Ninh Bình,Phường,donghoalu,I,,,,
104,Đồng Văn,Ninh Bình,Phường,dongvan,I,,,,
105,Hà Nam,Ninh Bình,Phường,hanam,I,,,,
106,Hoa Lư,Ninh Bình,Phường,hoalu,I,,,,
107,Hồng Quang,Ninh Bình,Phường,hongquang,I,,,,
108,Kim Bảng,Ninh Bình,Phường,kimbang,II,,,,
109,Kim Thanh,Ninh Bình,Phường,kimthanh,II,,,,
110,Lê Hồ,Ninh Bình,Phường,leho,I,,,,
111,Liêm Tuyền,Ninh Bình,Phường,liemtuyen,I,,,,
112,Lý Thường Kiệt,Ninh Bình,Phường,lythuongkiet,I,,,,
113,Mỹ Lộc,Ninh Bình,Phường,myloc,I,,,,
114,Nam Định,Ninh Bình,Phường,namdinh,I,,,,
115,Nam Hoa Lư,Ninh Bình,Phường,namhoalu,I,,,,
116,Nguyễn Úy,Ninh Bình,Phường,nguyenuy,I,,,,
117,Phủ Lý,Ninh Bình,Phường,phuly,I,,,,
118,Phù Vân,Ninh Bình,Phường,phuvan,I,,,,
119,Tam Chúc,Ninh Bình,Phường,tamchuc,I,,,,
120,Tam Điệp,Ninh Bình,Phường,tamdiep,I,,,,
121,Tây Hoa Lư,Ninh Bình,Phường,tayhoalu,I,,,,
122,Thành Nam,Ninh Bình,Phường,thanhnam,I,,,,
123,Thiên Trường,Ninh Bình,Phường,thientruong,I,,,,
124,Tiên Sơn,Ninh Bình,Phường,tienson,I,,,,
125,Trung Sơn,Ninh Bình,Phường,trungson,I,,,,
126,Trường Thi,Ninh Bình,Phường,truongthi,I,,,,
127,Vị Khê,Ninh Bình,Phường,vikhe,I,,,,
128,Yên Sơn,Ninh Bình,Phường,yenson,I,,,,
129,Yên Thắng,Ninh Bình,Phường,yenthang,I,,,,