STT,Tên,Thuộc tỉnh/thành phố,Loại,Slug,Đô Thị Loại,Tham khảo,,Loại I,2
1,Búng Lao,Điện Biên,Xã,bunglao,III,,,Loại II,5
2,Chà Tở,Điện Biên,Xã,chato,III,,,Loại III,38
3,Chiềng Sinh,Điện Biên,Xã,chiengsinh,III,,,,
4,Mường Ảng,Điện Biên,Xã,muongang,III,,,,
5,Mường Chà,Điện Biên,Xã,muongcha,III,,,,
6,Mường Lạn,Điện Biên,Xã,muonglan,III,,,,
7,Mường Luân,Điện Biên,Xã,muongluan,III,,,,
8,Mường Mùn,Điện Biên,Xã,muongmun,III,,,,
9,Mường Nhà,Điện Biên,Xã,muongnha,III,,,,
10,Mường Nhé,Điện Biên,Xã,muongnhe,III,,,,
11,Mường Phăng,Điện Biên,Xã,muongphang,II,,,,
12,Mường Pồn,Điện Biên,Xã,muongpon,III,,,,
13,Mường Toong,Điện Biên,Xã,muongtoong,III,,,,
14,Mường Tùng,Điện Biên,Xã,muongtung,III,,,,
15,Nà Bủng,Điện Biên,Xã,nabung,III,,,,
16,Nà Hỳ,Điện Biên,Xã,nahy,III,,,,
17,Na Sang,Điện Biên,Xã,nasang,III,,,,
18,Na Son,Điện Biên,Xã,nason,III,,,,
19,Nà Tấu,Điện Biên,Xã,natau,III,,,,
20,Nậm Kè,Điện Biên,Xã,namke,III,,,,
21,Nậm Nèn,Điện Biên,Xã,namnen,III,,,,
22,Núa Ngam,Điện Biên,Xã,nuangam,III,,,,
23,Pa Ham,Điện Biên,Xã,paham,III,,,,
24,Phình Giàng,Điện Biên,Xã,phinhgiang,III,,,,
25,Pu Nhi,Điện Biên,Xã,punhi,III,,,,
26,Pú Nhung,Điện Biên,Xã,punhung,III,,,,
27,Quài Tở,Điện Biên,Xã,quaito,III,,,,
28,Quảng Lâm,Điện Biên,Xã,quanglam,III,,,,
29,Sam Mứn,Điện Biên,Xã,sammun,III,,,,
30,Sáng Nhè,Điện Biên,Xã,sangnhe,III,,,,
31,Si Pa Phìn,Điện Biên,Xã,sipaphin,III,,,,
32,Sín Chải,Điện Biên,Xã,sinchai,III,,,,
33,Sín Thầu,Điện Biên,Xã,sinthau,III,,,,
34,Sính Phình,Điện Biên,Xã,sinhphinh,III,,,,
35,Thanh An,Điện Biên,Xã,thanhan,II,,,,
36,Thanh Nưa,Điện Biên,Xã,thanhnua,II,,,,
37,Thanh Yên,Điện Biên,Xã,thanhyen,III,,,,
38,Tìa Dình,Điện Biên,Xã,tiadinh,III,,,,
39,Tủa Chùa,Điện Biên,Xã,tuachua,III,,,,
40,Tủa Thàng,Điện Biên,Xã,tuathang,III,,,,
41,Tuần Giáo,Điện Biên,Xã,tuangiao,II,,,,
42,Xa Dung,Điện Biên,Xã,xadung,III,,,,
43,Điện Biên Phủ,Điện Biên,Phường,dienbienphu,I,,,,
44,Mường Lay,Điện Biên,Phường,muonglay,II,,,,
45,Mường Thanh,Điện Biên,Phường,muongthanh,I,,,,