STT,Tên,Thuộc tỉnh/thành phố,Loại,Slug,Đô Thị Loại,Tham khảo,Tham khảo,,Loại I,83
1,Al Bá,Gia Lai,Xã,alba,II,,,,Loại II,51
2,An Hòa,Gia Lai,Xã,anhoa,II,,,,Loại III,1
3,An Lão,Gia Lai,Xã,anlao,II,,,,,135
4,An Lương,Gia Lai,Xã,anluong,II,,,,,
5,An Nhơn Tây,Gia Lai,Xã,annhontay,II,,,,,
6,An Toàn,Gia Lai,Xã,antoan,II,,,,,
7,An Vinh,Gia Lai,Xã,anvinh,II,,,,,
8,Ayun,Gia Lai,Xã,ayun,II,,,,,
9,Ân Hảo,Gia Lai,Xã,anhao,II,,,,,
10,Ân Tường,Gia Lai,Xã,antuong,I,,,,,
11,Bàu Cạn,Gia Lai,Xã,baucan,I,,,,,
12,Biển Hồ,Gia Lai,Xã,bienho,I,,,,,
13,Bình An,Gia Lai,Xã,binhan,II,,,,,
14,Bình Dương,Gia Lai,Xã,binhduong,II,,,,,
15,Bình Hiệp,Gia Lai,Xã,binhhiep,II,,,,,
16,Bình Khê,Gia Lai,Xã,binhkhe,I,,,,,
17,Bình Phú,Gia Lai,Xã,binhphu,I,,,,,
18,Bờ Ngoong,Gia Lai,Xã,bongoong,I,,,,,
19,Canh Liên,Gia Lai,Xã,canhlien,II,,,,,
20,Canh Vinh,Gia Lai,Xã,canhvinh,I,,,,,
21,Cát Tiến,Gia Lai,Xã,cattien,I,,,,,
22,Chơ Long,Gia Lai,Xã,cholong,II,,,,,
23,Chư A Thai,Gia Lai,Xã,chuathai,I,,,,,
24,Chư Krey,Gia Lai,Xã,chukrey,II,,,,,
25,Chư Păh,Gia Lai,Xã,chupah,II,,,,,
26,Chư Prông,Gia Lai,Xã,chuprong,I,,,,,
27,Chư Pưh,Gia Lai,Xã,chupuh,I,,,,,
28,Chư Sê,Gia Lai,Xã,chuse,I,,,,,
29,Cửu An,Gia Lai,Xã,cuuan,II,,,,,
30,Đak Đoa,Gia Lai,Xã,dakdoa,I,,,,,
31,Đak Pơ,Gia Lai,Xã,dakpo,I,,,,,
32,Đak Rong,Gia Lai,Xã,dakrong,II,,,,,
33,Đak Sơmei,Gia Lai,Xã,daksomei,II,,,,,
34,Đăk Song,Gia Lai,Xã,daksong,II,,,,,
35,Đề Gi,Gia Lai,Xã,degi,I,,,,,
36,Đức Cơ,Gia Lai,Xã,ducco,I,,,,,
37,Gào,Gia Lai,Xã,gao,I,,,,,
38,Hòa Hội,Gia Lai,Xã,hoahoi,II,,,,,
39,Hoài Ân,Gia Lai,Xã,hoaian,I,,,,,
40,Hội Sơn,Gia Lai,Xã,hoison,I,,,,,
41,Hra,Gia Lai,Xã,hra,II,,,,,
42,Ia Băng,Gia Lai,Xã,iabang,I,,,,,
43,Ia Boòng,Gia Lai,Xã,iaboong,I,,,,,
44,Ia Chia,Gia Lai,Xã,iachia,I,,,,,
45,Ia Dơk,Gia Lai,Xã,iadok,II,,,,,
46,Ia Dom,Gia Lai,Xã,iadom,II,,,,,
47,Ia Dreh,Gia Lai,Xã,iadreh,I,,,,,
48,Ia Grai,Gia Lai,Xã,iagrai,I,,,,,
49,Ia Hiao,Gia Lai,Xã,iahiao,II,,,,,
50,Ia Hrú,Gia Lai,Xã,iahru,I,,,,,
51,Ia Hrung,Gia Lai,Xã,iahrung,I,,,,,
52,Ia Khươl,Gia Lai,Xã,iakhuol,I,,,,,
53,Ia Ko,Gia Lai,Xã,iako,I,,,,,
54,Ia Krái,Gia Lai,Xã,iakrai,I,,,,,
55,Ia Krêl,Gia Lai,Xã,iakrel,I,,,,,
56,Ia Lâu,Gia Lai,Xã,ialau,I,,,,,
57,Ia Le,Gia Lai,Xã,iale,I,,,,,
58,Ia Ly,Gia Lai,Xã,ialy,I,,,,,
59,Ia Mơ,Gia Lai,Xã,iamo,I,,,,,
60,Ia Nan,Gia Lai,Xã,ianan,II,,,,,
61,Ia O,Gia Lai,Xã,iao,II,,,,,
62,Ia Pa,Gia Lai,Xã,iapa,I,,,,,
63,Ia Phí,Gia Lai,Xã,iaphi,I,,,,,
64,Ia Pia,Gia Lai,Xã,iapia,I,,,,,
65,Ia Pnôn,Gia Lai,Xã,iapnon,II,,,,,
66,Ia Púch,Gia Lai,Xã,iapuch,I,,,,,
67,Ia Rbol,Gia Lai,Xã,iarbol,II,,,,,
68,Ia Rsai,Gia Lai,Xã,iarsai,I,,,,,
69,Ia Sao,Gia Lai,Xã,iasao,II,,,,,
70,Ia Tôr,Gia Lai,Xã,iator,II,,,,,
71,Ia Tul,Gia Lai,Xã,iatul,I,,,,,
72,Kbang,Gia Lai,Xã,kbang,I,,,,,
73,Kdang,Gia Lai,Xã,kdang,I,,,,,
74,Kim Sơn,Gia Lai,Xã,kimson,I,,,,,
75,Kon Chiêng,Gia Lai,Xã,konchieng,II,,,,,
76,Kon Gang,Gia Lai,Xã,kongang,I,,,,,
77,Kông Bơ La,Gia Lai,Xã,kongbola,II,,,,,
78,Kông Chro,Gia Lai,Xã,kongchro,I,,,,,
79,Krong,Gia Lai,Xã,krong,II,,,,,
80,Lơ Pang,Gia Lai,Xã,lopang,I,,,,,
81,Mang Yang,Gia Lai,Xã,mangyang,I,,,,,
82,Ngô Mây,Gia Lai,Xã,ngomay,II,,,,,
83,Nhơn Châu,Gia Lai,Xã,nhonchau,II,,,,,
84,Phù Cát,Gia Lai,Xã,phucat,I,,,,,
85,Phù Mỹ,Gia Lai,Xã,phumy,II,,,,,
86,Phù Mỹ Bắc,Gia Lai,Xã,phumybac,II,,,,,
87,Phù Mỹ Đông,Gia Lai,Xã,phumydong,I,,,,,
88,Phù Mỹ Nam,Gia Lai,Xã,phumynam,II,,,,,
89,Phù Mỹ Tây,Gia Lai,Xã,phumytay,II,,,,,
90,Phú Thiện,Gia Lai,Xã,phuthien,I,,,,,
91,Phú Túc,Gia Lai,Xã,phutuc,I,,,,,
92,Pờ Tó,Gia Lai,Xã,poto,II,,,,,
93,Sơn Lang,Gia Lai,Xã,sonlang,II,,,,,
94,Sró,Gia Lai,Xã,sro,II,,,,,
95,Tây Sơn,Gia Lai,Xã,tayson,I,,,,,
96,Tơ Tung,Gia Lai,Xã,totung,II,,,,,
97,Tuy Phước,Gia Lai,Xã,tuyphuoc,I,,,,,
98,Tuy Phước Bắc,Gia Lai,Xã,tuyphuocbac,I,,,,,
99,Tuy Phước Đông,Gia Lai,Xã,tuyphuocdong,I,,,,,
100,Tuy Phước Tây,Gia Lai,Xã,tuyphuoctay,I,,,,,
101,Uar,Gia Lai,Xã,uar,I,,,,,
102,Vạn Đức,Gia Lai,Xã,vanduc,II,,,,,
103,Vân Canh,Gia Lai,Xã,vancanh,I,,,,,
104,Vĩnh Quang,Gia Lai,Xã,vinhquang,III,,,,,
105,Vĩnh Sơn,Gia Lai,Xã,vinhson,I,,,,,
106,Vĩnh Thạnh,Gia Lai,Xã,vinhthanh,II,,,,,
107,Vĩnh Thịnh,Gia Lai,Xã,vinhthinh,II,,,,,
108,Xuân An,Gia Lai,Xã,xuanan,II,,,,,
109,Ya Hội,Gia Lai,Xã,yahoi,II,,,,,
110,Ya Ma,Gia Lai,Xã,yama,II,,,,,
111,An Bình,Gia Lai,Phường,anbinh,I,,,,,
112,An Khê,Gia Lai,Phường,ankhe,I,,,,,
113,An Nhơn,Gia Lai,Phường,annhon,I,,,,,
114,An Nhơn Bắc,Gia Lai,Phường,annhonbac,I,,,,,
115,An Nhơn Đông,Gia Lai,Phường,annhondong,I,,,,,
116,An Nhơn Nam,Gia Lai,Phường,annhonnam,I,,,,,
117,An Phú,Gia Lai,Phường,anphu,I,,,,,
118,Ayun Pa,Gia Lai,Phường,ayunpa,II,,,,,
119,Bình Định,Gia Lai,Phường,binhdinh,I,,,,,
120,Bồng Sơn,Gia Lai,Phường,bongson,I,,,,,
121,Diên Hồng,Gia Lai,Phường,dienhong,I,,,,,
122,Hoài Nhơn,Gia Lai,Phường,hoainhon,I,,,,,
123,Hoài Nhơn Bắc,Gia Lai,Phường,hoainhonbac,I,,,,,
124,Hoài Nhơn Đông,Gia Lai,Phường,hoainhondong,I,,,,,
125,Hoài Nhơn Nam,Gia Lai,Phường,hoainhonnam,I,,,,,
126,Hoài Nhơn Tây,Gia Lai,Phường,hoainhontay,I,,,,,
127,Hội Phú,Gia Lai,Phường,hoiphu,I,,,,,
128,Pleiku,Gia Lai,Phường,pleiku,I,,,,,
129,Quy Nhơn,Gia Lai,Phường,quynhon,I,,,,,
130,Quy Nhơn Bắc,Gia Lai,Phường,quynhonbac,I,,,,,
131,Quy Nhơn Đông,Gia Lai,Phường,quynhondong,I,,,,,
132,Quy Nhơn Nam,Gia Lai,Phường,quynhonnam,I,,,,,
133,Quy Nhơn Tây,Gia Lai,Phường,quynhontay,I,,,,,
134,Tam Quan,Gia Lai,Phường,tamquan,I,,,,,
135,Thống Nhất,Gia Lai,Phường,thongnhat,I,,,,,