Tên,Thuộc tỉnh/thành phố,Loại,Slug,Đô thị loại,Tham khảo,Loại I,20,Loại II,85,Loại III,19
Bạch Đích,Tuyên Quang,Xã,bachdich,II,,,,,,,
Bạch Ngọc,Tuyên Quang,Xã,bachngoc,II,,,,,,,
Bạch Xa,Tuyên Quang,Xã,bachxa,II,,,,,,,
Bản Máy,Tuyên Quang,Xã,banmay,II,,,,,,,
Bắc Mê,Tuyên Quang,Xã,bacme,II,,,,,,,
Bắc Quang,Tuyên Quang,Xã,bacquang,I,,,,,,,
Bằng Hành,Tuyên Quang,Xã,banghanh,II,,,,,,,
Bằng Lang,Tuyên Quang,Xã,banglang,II,,,,,,,
Bình An,Tuyên Quang,Xã,binhan,II,,,,,,,
Bình Ca,Tuyên Quang,Xã,binhca,II,,,,,,,
Bình Xa,Tuyên Quang,Xã,binhxa,II,,,,,,,
Cán Tỷ,Tuyên Quang,Xã,canty,II,,,,,,,
Cao Bồ,Tuyên Quang,Xã,caobo,III,,,,,,,
Chiêm Hóa,Tuyên Quang,Xã,chiemhoa,I,,,,,,,
Côn Lôn,Tuyên Quang,Xã,conlon,II,,,,,,,
Du Già,Tuyên Quang,Xã,dugia,II,,,,,,,
Đồng Tâm,Tuyên Quang,Xã,dongtam,II,,,,,,,
Đông Thọ,Tuyên Quang,Xã,dongtho,II,,,,,,,
Đồng Văn,Tuyên Quang,Xã,dongvan,I,,,,,,,
Đồng Yên,Tuyên Quang,Xã,dongyen,II,,,,,,,
Đường Hồng,Tuyên Quang,Xã,duonghong,II,,,,,,,
Đường Thượng,Tuyên Quang,Xã,duongthuong,II,,,,,,,
Giáp Trung,Tuyên Quang,Xã,giaptrung,III,,,,,,,
Hàm Yên,Tuyên Quang,Xã,hamyen,I,,,,,,,
Hòa An,Tuyên Quang,Xã,hoaan,II,,,,,,,
Hoàng Su Phì,Tuyên Quang,Xã,hoangsuphi,II,,,,,,,
Hồ Thầu,Tuyên Quang,Xã,hothau,II,,,,,,,
Hồng Sơn,Tuyên Quang,Xã,hongson,II,,,,,,,
Hồng Thái,Tuyên Quang,Xã,hongthai,II,,,,,,,
Hùng An,Tuyên Quang,Xã,hungan,II,,,,,,,
Hùng Đức,Tuyên Quang,Xã,hungduc,III,,,,,,,
Hùng Lợi,Tuyên Quang,Xã,hungloi,II,,,,,,,
Khâu Vai,Tuyên Quang,Xã,khauvai,II,,,,,,,
Khuôn Lùng,Tuyên Quang,Xã,khuonlung,II,,,,,,,
Kiên Đài,Tuyên Quang,Xã,kiendai,II,,,,,,,
Kiến Thiết,Tuyên Quang,Xã,kienthiet,II,,,,,,,
Kim Bình,Tuyên Quang,Xã,kimbinh,II,,,,,,,
Lao Chải,Tuyên Quang,Xã,laochai,II,,,,,,,
Lâm Bình,Tuyên Quang,Xã,lambinh,I,,,,,,,
Liên Hiệp,Tuyên Quang,Xã,lienhiep,II,,,,,,,
Linh Hồ,Tuyên Quang,Xã,linhho,I,,,,,,,
Lũng Cú,Tuyên Quang,Xã,lungcu,II,,,,,,,
Lũng Phìn,Tuyên Quang,Xã,lungphin,II,,,,,,,
Lùng Tám,Tuyên Quang,Xã,lungtam,II,,,,,,,
Lực Hành,Tuyên Quang,Xã,luchanh,III,,,,,,,
Mậu Duệ,Tuyên Quang,Xã,maudue,I,,,,,,,
Mèo Vạc,Tuyên Quang,Xã,meovac,II,,,,,,,
Minh Ngọc,Tuyên Quang,Xã,minhngoc,II,,,,,,,
Minh Quang,Tuyên Quang,Xã,minhquang,I,,,,,,,
Minh Sơn,Tuyên Quang,Xã,minhson,II,,,,,,,
Minh Tân,Tuyên Quang,Xã,minhtan,II,,,,,,,
Minh Thanh,Tuyên Quang,Xã,minhthanh,II,,,,,,,
Nà Hang,Tuyên Quang,Xã,nahang,I,,,,,,,
Nấm Dẩn,Tuyên Quang,Xã,namdan,II,,,,,,,
Nậm Dịch,Tuyên Quang,Xã,namdich,III,,,,,,,
Nghĩa Thuận,Tuyên Quang,Xã,nghiathuan,II,,,,,,,
Ngọc Đường,Tuyên Quang,Xã,ngocduong,III,,,,,,,
Ngọc Long,Tuyên Quang,Xã,ngoclong,III,,,,,,,
Nhữ Khê,Tuyên Quang,Xã,nhukhe,II,,,,,,,
Niêm Sơn,Tuyên Quang,Xã,niemson,II,,,,,,,
Pà Vầy Sủ,Tuyên Quang,Xã,pavaysu,II,,,,,,,
Phố Bảng,Tuyên Quang,Xã,phobang,II,,,,,,,
Phú Linh,Tuyên Quang,Xã,phulinh,II,,,,,,,
Phú Lương,Tuyên Quang,Xã,phuluong,II,,,,,,,
Phù Lưu,Tuyên Quang,Xã,phuluu,II,,,,,,,
Pờ Ly Ngài,Tuyên Quang,Xã,polyngai,III,,,,,,,
Quản Bạ,Tuyên Quang,Xã,quanba,II,,,,,,,
Quang Bình,Tuyên Quang,Xã,quangbinh,II,,,,,,,
Quảng Nguyên,Tuyên Quang,Xã,quangnguyen,III,,,,,,,
Sà Phìn,Tuyên Quang,Xã,saphin,II,,,,,,,
Sơn Dương,Tuyên Quang,Xã,sonduong,I,,,,,,,
Sơn Thủy,Tuyên Quang,Xã,sonthuy,I,,,,,,,
Sơn Vĩ,Tuyên Quang,Xã,sonvi,I,,,,,,,
Sủng Máng,Tuyên Quang,Xã,sungmang,II,,,,,,,
Tát Ngà,Tuyên Quang,Xã,tatnga,II,,,,,,,
Tân An,Tuyên Quang,Xã,tanan,II,,,,,,,
Tân Long,Tuyên Quang,Xã,tanlong,II,,,,,,,
Tân Mỹ,Tuyên Quang,Xã,tanmy,II,,,,,,,
Tân Quang,Tuyên Quang,Xã,tanquang,II,,,,,,,
Tân Thanh,Tuyên Quang,Xã,tanthanh,II,,,,,,,
Tân Tiến,Tuyên Quang,Xã,tantien,II,,,,,,,
Tân Trào,Tuyên Quang,Xã,tantrao,II,,,,,,,
Tân Trịnh,Tuyên Quang,Xã,tantrinh,II,,,,,,,
Thái Bình,Tuyên Quang,Xã,thaibinh,II,,,,,,,
Thái Hòa,Tuyên Quang,Xã,thaihoa,II,,,,,,,
Thái Sơn,Tuyên Quang,Xã,thaison,II,,,,,,,
Thàng Tín,Tuyên Quang,Xã,thangtin,II,,,,,,,
Thanh Thủy,Tuyên Quang,Xã,thanhthuy,II,,,,,,,
Thắng Mố,Tuyên Quang,Xã,thangmo,II,,,,,,,
Thông Nguyên,Tuyên Quang,Xã,thongnguyen,III,,,,,,,
Thuận Hòa,Tuyên Quang,Xã,thuanhoa,III,,,,,,,
Thượng Lâm,Tuyên Quang,Xã,thuonglam,II,,,,,,,
Thượng Nông,Tuyên Quang,Xã,thuongnong,III,,,,,,,
Thượng Sơn,Tuyên Quang,Xã,thuongson,II,,,,,,,
Tiên Nguyên,Tuyên Quang,Xã,tiennguyen,III,,,,,,,
Tiên Yên,Tuyên Quang,Xã,tienyen,II,,,,,,,
Tri Phú,Tuyên Quang,Xã,triphu,II,,,,,,,
Trung Hà,Tuyên Quang,Xã,trungha,III,,,,,,,
Trung Sơn,Tuyên Quang,Xã,trungson,II,,,,,,,
Trung Thịnh,Tuyên Quang,Xã,trungthinh,III,,,,,,,
Trường Sinh,Tuyên Quang,Xã,truongsinh,III,,,,,,,
Tùng Bá,Tuyên Quang,Xã,tungba,II,,,,,,,
Tùng Vài,Tuyên Quang,Xã,tungvai,II,,,,,,,
Vị Xuyên,Tuyên Quang,Xã,vixuyen,II,,,,,,,
Việt Lâm,Tuyên Quang,Xã,vietlam,III,,,,,,,
Vĩnh Tuy,Tuyên Quang,Xã,vinhtuy,II,,,,,,,
Xín Mần,Tuyên Quang,Xã,xinman,II,,,,,,,
Xuân Giang,Tuyên Quang,Xã,xuangiang,III,,,,,,,
Xuân Vân,Tuyên Quang,Xã,xuanvan,II,,,,,,,
Yên Cường,Tuyên Quang,Xã,yencuong,II,,,,,,,
Yên Hoa,Tuyên Quang,Xã,yenhoa,II,,,,,,,
Yên Lập,Tuyên Quang,Xã,yenlap,II,,,,,,,
Yên Minh,Tuyên Quang,Xã,yenminh,I,,,,,,,
Yên Nguyên,Tuyên Quang,Xã,yennguyen,II,,,,,,,
Yên Phú,Tuyên Quang,Xã,yenphu,II,,,,,,,
Yên Sơn,Tuyên Quang,Xã,yenson,I,,,,,,,
Yên Thành,Tuyên Quang,Xã,yenthanh,III,,,,,,,
An Tường,Tuyên Quang,Phường,antuong,I,,,,,,,
Bình Thuận,Tuyên Quang,Phường,binhthuan,I,,,,,,,
Hà Giang 1,Tuyên Quang,Phường,hagiang1,I,,,,,,,
Hà Giang 2,Tuyên Quang,Phường,hagiang2,I,,,,,,,
Minh Xuân,Tuyên Quang,Phường,minhxuan,I,,,,,,,
Mỹ Lâm,Tuyên Quang,Phường,mylam,I,,,,,,,
Nông Tiến,Tuyên Quang,Phường,nongtien,II,,,,,,,